filename,gender,yob,race
00002_940928_fa_converted_final.png,Male,1963,White
00003_941121_fa_converted_final.png,Male,1963,Black-or-African-American
00006_931230_fa_converted_final.png,Male,1943,White
00013_931230_fa_converted_final.png,Female,1963,White
00019_940422_fa_converted_final.png,Male,1953,White
00020_931230_fa_converted_final.png,Female,1963,Asian
00029_960620_fa_converted_final.png,Male,1963,Asian
00040_931230_fa_converted_final.png,Female,1963,White
00043_931230_fa_converted_final.png,Female,1963,Asian-Middle-Eastern
00044_931230_fa_converted_final.png,Female,1973,Asian
00045_931230_fa_a_converted_final.png,Female,1953,Asian
00046_931230_fa_converted_final.png,Male,1953,Asian
00047_931230_fa_converted_final.png,Female,1973,Asian
00048_931230_fa_a_converted_final.png,Male,1963,White
00049_931230_fa_converted_final.png,Male,1973,White
00050_931230_fa_converted_final.png,Male,1963,White
00051_931230_fa_converted_final.png,Male,1963,White
00052_931230_fa_converted_final.png,Female,1963,White
00053_931230_fa_converted_final.png,Female,1963,White
00054_931230_fa_a_converted_final.png,Male,1953,Asian
00055_931230_fa_a_converted_final.png,Male,1963,Asian
00056_931230_fa_converted_final.png,Male,1973,Asian-Middle-Eastern
00057_931230_fa_converted_final.png,Female,1963,White
00058_931230_fa_converted_final.png,Male,1973,Asian
00059_931230_fa_converted_final.png,Male,1953,White
00060_931230_fa_converted_final.png,Female,1973,Asian
00061_931230_fa_converted_final.png,Female,1963,Asian
00062_931230_fa_converted_final.png,Male,1973,White
00063_931230_fa_converted_final.png,Male,1973,Hispanic
00064_931230_fa_converted_final.png,Male,1973,White
00065_931230_fa_converted_final.png,Female,1963,White
00066_931230_fa_a_converted_final.png,Male,1963,Asian-Middle-Eastern
00067_931230_fa_a_converted_final.png,Male,1953,White
00068_931230_fa_converted_final.png,Female,1963,White
00069_931230_fa_converted_final.png,Male,1953,Asian-Middle-Eastern
00070_940307_fa_converted_final.png,Male,1973,Asian-Middle-Eastern
00071_931230_fa_converted_final.png,Female,1963,White
00072_931230_fa_converted_final.png,Female,1953,White
00073_931230_fa_converted_final.png,Male,1963,White
00074_931230_fa_a_converted_final.png,Male,1973,White
00075_931230_fa_converted_final.png,Male,1953,White
00076_931230_fa_converted_final.png,Male,1963,White
00077_931230_fa_converted_final.png,Male,1973,Asian-Middle-Eastern
00078_931230_fa_a_converted_final.png,Male,1963,White
00079_931230_fa_a_converted_final.png,Male,1963,White
00080_931230_fa_converted_final.png,Male,1943,White
00081_931230_fa_converted_final.png,Male,1963,White
00082_931230_fa_converted_final.png,Male,1933,White
00083_931230_fa_a_converted_final.png,Male,1963,White
00084_931230_fa_converted_final.png,Female,1963,White
00085_931230_fa_converted_final.png,Male,1963,White
00086_931230_fa_converted_final.png,Male,1963,White
00087_931230_fa_a_converted_final.png,Female,1963,White
00088_931230_fa_a_converted_final.png,Male,1953,Asian
00089_931230_fa_converted_final.png,Male,1973,Asian-Middle-Eastern
00090_931230_fa_converted_final.png,Female,1973,White
00091_931230_fa_converted_final.png,Male,1963,Asian-Middle-Eastern
00092_931230_fa_converted_final.png,Female,1963,Black-or-African-American
00093_931230_fa_converted_final.png,Male,1973,Asian-Middle-Eastern
00094_931230_fa_a_converted_final.png,Male,1973,White
00095_931230_fa_converted_final.png,Male,1963,Asian
00097_931230_fa_converted_final.png,Male,1963,Asian
00098_931230_fa_converted_final.png,Female,1963,Black-or-African-American
00099_931230_fa_a_converted_final.png,Male,1963,Asian
00100_931230_fa_a_converted_final.png,Male,1963,Asian
00101_931230_fa_converted_final.png,Female,1973,Hispanic
00102_931230_fa_converted_final.png,Female,1963,Black-or-African-American
00103_931230_fa_a_converted_final.png,Male,1963,Asian-Middle-Eastern
00104_931230_fa_converted_final.png,Female,1963,White
00105_931230_fa_converted_final.png,Male,1963,White
00106_931230_fa_a_converted_final.png,Male,1963,Asian
00107_941121_fa_converted_final.png,Female,1953,White
00108_960530_fa_converted_final.png,Male,1963,Black-or-African-American
00109_931230_fa_converted_final.png,Male,1963,White
00110_931230_fa_converted_final.png,Male,1963,Asian
00111_931230_fa_converted_final.png,Female,1973,White
00112_931230_fa_converted_final.png,Female,1973,White
00113_931230_fa_a_converted_final.png,Male,1973,White
00114_931230_fa_converted_final.png,Male,1973,Hispanic
00115_931230_fa_converted_final.png,Male,1973,White
00116_931230_fa_converted_final.png,Male,1973,Asian
00117_931230_fa_a_converted_final.png,Male,1973,Asian
00118_931230_fa_a_converted_final.png,Male,1953,White
00120_931230_fa_converted_final.png,Male,1973,White
00121_931230_fa_converted_final.png,Female,1973,Black-or-African-American
00122_931230_fa_converted_final.png,Male,1973,Hispanic
00123_931230_fa_converted_final.png,Female,1943,White
00124_931230_fa_converted_final.png,Male,1963,White
00125_931230_fa_converted_final.png,Female,1973,White
00126_931230_fa_converted_final.png,Female,1973,White
00127_931230_fa_converted_final.png,Male,1963,Black-or-African-American
00128_931230_fa_a_converted_final.png,Male,1973,Asian
00129_931230_fa_converted_final.png,Male,1973,White
00130_931230_fa_converted_final.png,Female,1973,Asian
00131_931230_fa_converted_final.png,Male,1973,Asian-Middle-Eastern
00132_931230_fa_converted_final.png,Male,1963,Asian-Middle-Eastern
00133_931230_fa_converted_final.png,Male,1963,Asian
00134_931230_fa_a_converted_final.png,Male,1953,Asian
00135_931230_fa_a_converted_final.png,Male,1963,Asian
00136_931230_fa_converted_final.png,Male,1953,White
00137_931230_fa_a_converted_final.png,Male,1963,White
00138_931230_fa_converted_final.png,Male,1973,White
00139_931230_fa_converted_final.png,Male,1973,Asian-Middle-Eastern
00140_941121_fa_converted_final.png,Female,1943,White
00141_931230_fa_converted_final.png,Female,1953,Asian
00142_931230_fa_converted_final.png,Male,1953,White
00143_931230_fa_a_converted_final.png,Male,1963,White
00144_931230_fa_converted_final.png,Male,1973,White
00145_931230_fa_converted_final.png,Female,1973,Hispanic
00146_941205_fa_converted_final.png,Male,1953,White
00147_931230_fa_converted_final.png,Female,1963,Asian
00148_931230_fa_converted_final.png,Male,1963,White
00150_931230_fa_a_converted_final.png,Male,1963,Asian
00151_931230_fa_a_converted_final.png,Male,1963,White
00152_931230_fa_converted_final.png,Male,1963,White
00153_931230_fa_converted_final.png,Male,1953,Asian
00155_931230_fa_converted_final.png,Male,1973,White
00156_931230_fa_a_converted_final.png,Male,1963,Asian
00157_931230_fa_a_converted_final.png,Male,1973,Asian
00158_931230_fa_converted_final.png,Female,1963,White
00159_931230_fa_converted_final.png,Male,1953,Asian
00160_931230_fa_a_converted_final.png,Male,1963,Asian
00161_931230_fa_a_converted_final.png,Male,1953,White
00162_940128_fa_converted_final.png,Male,1963,White
00163_931230_fa_converted_final.png,Female,1973,Asian
00164_931230_fa_a_converted_final.png,Male,1963,Asian
00165_931230_fa_a_converted_final.png,Male,1973,Asian
00166_931230_fa_converted_final.png,Male,1973,Asian
00167_931230_fa_converted_final.png,Male,1963,Asian
00168_931230_fa_a_converted_final.png,Male,1953,Asian
00169_931230_fa_a_converted_final.png,Male,1963,Asian-Middle-Eastern
00170_931230_fa_converted_final.png,Male,1963,Asian
00171_931230_fa_converted_final.png,Male,1963,Asian
00172_931230_fa_converted_final.png,Male,1933,White
00173_931230_fa_a_converted_final.png,Male,1933,White
00174_931230_fa_a_converted_final.png,Male,1973,Asian
00175_931230_fa_a_converted_final.png,Female,1953,White
00176_931230_fa_converted_final.png,Male,1963,White
00177_931230_fa_a_converted_final.png,Female,1953,White
00178_931230_fa_converted_final.png,Male,1963,Asian-Middle-Eastern
00179_931230_fa_converted_final.png,Male,1973,Asian
00180_931230_fa_converted_final.png,Male,1983,Hispanic
00181_931230_fa_converted_final.png,Female,1973,Black-or-African-American
00182_931230_fa_converted_final.png,Male,1963,Asian
00183_940128_fa_converted_final.png,Male,1954,Black-or-African-American
00184_940422_fa_converted_final.png,Male,1974,Hispanic
00185_940128_fa_converted_final.png,Female,1974,White
00186_940128_fa_a_converted_final.png,Male,1974,White
00187_940128_fa_a_converted_final.png,Male,1974,Black-or-African-American
00188_940307_fa_converted_final.png,Male,1974,Asian-Middle-Eastern
00189_940128_fa_a_converted_final.png,Male,1974,Asian
00190_940128_fa_converted_final.png,Female,1974,Asian-Middle-Eastern
00191_940128_fa_converted_final.png,Female,1974,Asian
00192_940128_fa_converted_final.png,Male,1964,Asian
00193_940928_fa_converted_final.png,Male,1964,Asian
00194_940128_fa_converted_final.png,Female,1974,White
00195_940128_fa_converted_final.png,Male,1964,White
00196_940128_fa_converted_final.png,Female,1974,Asian
00197_940128_fa_converted_final.png,Female,1974,Asian
00198_940128_fa_converted_final.png,Female,1974,Asian
00199_940128_fa_converted_final.png,Male,1974,White
00200_940128_fa_converted_final.png,Male,1974,White
00201_940128_fa_converted_final.png,Female,1974,White
00202_940128_fa_converted_final.png,Female,1974,White
00203_940128_fa_converted_final.png,Male,1954,White
00204_940128_fa_a_converted_final.png,Male,1964,Asian
00205_940128_fa_converted_final.png,Male,1974,Asian
00206_940128_fa_a_converted_final.png,Male,1964,White
00207_940128_fa_converted_final.png,Male,1964,White
00208_940128_fa_converted_final.png,Female,1964,White
00209_940128_fa_converted_final.png,Female,1964,White
00210_940128_fa_converted_final.png,Female,1974,White
00211_940128_fa_converted_final.png,Female,1954,White
00212_940128_fa_a_converted_final.png,Female,1974,White
00213_940128_fa_converted_final.png,Male,1964,White
00214_940128_fa_converted_final.png,Female,1974,White
00215_940128_fa_a_converted_final.png,Male,1974,Asian-Middle-Eastern
00216_940128_fa_converted_final.png,Male,1974,Asian
00217_940128_fa_a_converted_final.png,Male,1974,White
00218_940128_fa_converted_final.png,Female,1974,Asian
00219_940128_fa_a_converted_final.png,Female,1964,Black-or-African-American
00220_940128_fa_converted_final.png,Male,1954,Hispanic
00221_940128_fa_converted_final.png,Female,1954,White
00222_940128_fa_converted_final.png,Male,1974,White
00223_940128_fa_converted_final.png,Male,1974,White
00224_940128_fa_converted_final.png,Female,1974,White
00225_940128_fa_a_converted_final.png,Female,1974,White
00227_940128_fa_converted_final.png,Female,1964,White
00228_940128_fa_a_converted_final.png,Male,1964,Black-or-African-American
00229_940128_fa_converted_final.png,Male,1974,White
00230_940128_fa_converted_final.png,Male,1974,White
00231_940128_fa_converted_final.png,Female,1974,White
00233_940128_fa_a_converted_final.png,Male,1964,Asian
00234_940128_fa_converted_final.png,Male,1974,Asian
00235_940128_fa_converted_final.png,Female,1974,White
00236_940128_fa_a_converted_final.png,Male,1964,Asian
00237_940128_fa_converted_final.png,Male,1964,Asian-Middle-Eastern
00238_940128_fa_converted_final.png,Female,1974,Hispanic
00239_940128_fa_converted_final.png,Female,1974,Asian
00241_940128_fa_a_converted_final.png,Male,1964,Asian
00242_940128_fa_converted_final.png,Female,1974,Asian
00243_940128_fa_converted_final.png,Female,1974,Asian
00244_940128_fa_converted_final.png,Female,1974,Black-or-African-American
00245_940128_fa_converted_final.png,Female,1974,Asian
00246_940128_fa_converted_final.png,Male,1974,Asian
00247_940128_fa_converted_final.png,Male,1974,Asian
00248_940128_fa_converted_final.png,Male,1974,White
00249_940128_fa_a_converted_final.png,Male,1944,White
00250_940128_fa_converted_final.png,Female,1974,White
00251_940128_fa_converted_final.png,Male,1974,White
00252_940128_fa_a_converted_final.png,Male,1974,White
00253_940128_fa_converted_final.png,Male,1974,White
00255_940128_fa_converted_final.png,Female,1944,White
00256_941031_fa_converted_final.png,Male,1964,White
00257_940128_fa_converted_final.png,Male,1964,Black-or-African-American
00258_940128_fa_converted_final.png,Male,1974,White
00259_940128_fa_converted_final.png,Female,1964,White
00260_940128_fa_converted_final.png,Female,1964,White
00261_940128_fa_converted_final.png,Male,1974,Asian
00262_940128_fa_converted_final.png,Female,1974,White
00263_940128_fa_converted_final.png,Female,1974,White
00264_940128_fa_converted_final.png,Female,1974,White
00265_940128_fa_converted_final.png,Female,1974,Asian-Middle-Eastern
00266_940128_fa_converted_final.png,Female,1974,White
00267_940128_fa_converted_final.png,Female,1974,Asian
00268_940422_fa_converted_final.png,Male,1974,White
00269_940422_fa_a_converted_final.png,Male,1964,White
00270_940422_fa_converted_final.png,Female,1964,White
00271_940422_fa_converted_final.png,Female,1974,White
00272_940422_fa_converted_final.png,Male,1974,White
00273_940422_fa_converted_final.png,Male,1974,Black-or-African-American
00275_940422_fa_converted_final.png,Male,1974,White
00276_940422_fa_a_converted_final.png,Female,1964,White
00278_940422_fa_converted_final.png,Female,1974,White
00279_940422_fa_converted_final.png,Female,1974,White
00280_940422_fa_converted_final.png,Female,1974,White
00281_940422_fa_converted_final.png,Male,1974,White
00282_940422_fa_converted_final.png,Male,1974,Asian-Middle-Eastern
00283_940422_fa_a_converted_final.png,Male,1964,White
00284_940422_fa_converted_final.png,Male,1964,White
00285_940422_fa_converted_final.png,Male,1974,White
00286_940422_fa_converted_final.png,Male,1974,White
00287_940422_fa_converted_final.png,Male,1964,White
00288_940422_fa_converted_final.png,Female,1964,Asian
00289_940422_fa_converted_final.png,Male,1954,White
00290_940422_fa_converted_final.png,Female,1964,Hispanic
00291_940422_fa_converted_final.png,Male,1974,White
00292_940422_fa_a_converted_final.png,Female,1964,White
00293_940422_fa_converted_final.png,Female,1974,White
00294_940422_fa_a_converted_final.png,Female,1974,Asian
00295_940422_fa_converted_final.png,Male,1974,White
00296_940422_fa_converted_final.png,Female,1974,White
00297_940422_fa_converted_final.png,Male,1974,White
00298_940422_fa_a_converted_final.png,Male,1974,White
00299_940422_fa_converted_final.png,Male,1974,White
00300_940422_fa_converted_final.png,Male,1984,Black-or-African-American
00301_940422_fa_converted_final.png,Male,1984,White
00302_940422_fa_converted_final.png,Female,1984,Black-or-African-American
00303_940422_fa_converted_final.png,Male,1984,White
00304_940422_fa_converted_final.png,Male,1984,White
00305_940422_fa_converted_final.png,Female,1984,Black-or-African-American
00306_940422_fa_converted_final.png,Female,1984,White
00307_940422_fa_converted_final.png,Female,1984,White
00308_940422_fa_converted_final.png,Female,1984,White
00309_940422_fa_converted_final.png,Male,1984,White
00310_940422_fa_converted_final.png,Male,1984,White
00311_940422_fa_converted_final.png,Female,1984,Hispanic
00312_940422_fa_converted_final.png,Female,1974,White
00313_940422_fa_converted_final.png,Female,1974,Hispanic
00314_940422_fa_converted_final.png,Female,1974,Hispanic
00315_940422_fa_converted_final.png,Female,1974,White
00316_940422_fa_converted_final.png,Female,1974,White
00317_940422_fa_converted_final.png,Female,1974,Hispanic
00318_940422_fa_converted_final.png,Male,1974,Hispanic
00319_940422_fa_converted_final.png,Female,1974,White
00320_940422_fa_converted_final.png,Male,1974,White
00321_940422_fa_converted_final.png,Male,1974,White
00322_940422_fa_converted_final.png,Male,1974,Hispanic
00323_940422_fa_converted_final.png,Male,1974,White
00324_940422_fa_converted_final.png,Female,1974,White
00325_940422_fa_a_converted_final.png,Female,1974,White
00326_940422_fa_converted_final.png,Female,1974,White
00327_940422_fa_converted_final.png,Female,1974,White
00328_940422_fa_converted_final.png,Female,1974,White
00329_940422_fa_converted_final.png,Female,1974,White
00330_940422_fa_converted_final.png,Female,1974,Asian
00331_940422_fa_converted_final.png,Male,1974,White
00332_940422_fa_converted_final.png,Male,1974,Black-or-African-American
00333_940422_fa_converted_final.png,Male,1974,White
00334_940422_fa_converted_final.png,Male,1974,White
00335_940422_fa_converted_final.png,Male,1974,White
00336_940422_fa_converted_final.png,Female,1974,White
00337_940422_fa_converted_final.png,Female,1974,White
00338_940422_fa_converted_final.png,Male,1974,White
00339_940422_fa_a_converted_final.png,Male,1974,White
00340_940422_fa_a_converted_final.png,Male,1974,White
00341_940422_fa_converted_final.png,Male,1974,White
00342_940422_fa_converted_final.png,Female,1974,White
00343_940422_fa_converted_final.png,Female,1974,Hispanic
00344_940422_fa_converted_final.png,Female,1974,White
00345_940422_fa_converted_final.png,Male,1974,White
00346_940422_fa_converted_final.png,Female,1974,White
00347_940422_fa_converted_final.png,Female,1974,White
00348_940422_fa_converted_final.png,Male,1974,Hispanic
00349_940422_fa_converted_final.png,Female,1974,White
00350_940422_fa_converted_final.png,Female,1974,White
00351_940422_fa_converted_final.png,Female,1974,Hispanic
00352_940422_fa_converted_final.png,Female,1974,White
00353_940422_fa_converted_final.png,Female,1974,White
00354_940422_fa_converted_final.png,Female,1974,White
00355_940422_fa_converted_final.png,Male,1974,White
00356_940422_fa_converted_final.png,Female,1974,Hispanic
00357_940422_fa_converted_final.png,Female,1974,Hispanic
00358_940422_fa_converted_final.png,Male,1974,Black-or-African-American
00359_940422_fa_converted_final.png,Male,1974,White
00360_940422_fa_converted_final.png,Male,1974,White
00361_940422_fa_converted_final.png,Male,1974,White
00362_940422_fa_converted_final.png,Male,1974,White
00363_940422_fa_converted_final.png,Male,1974,White
00364_940422_fa_converted_final.png,Male,1974,White
00365_940422_fa_converted_final.png,Female,1974,White
00366_940422_fa_converted_final.png,Female,1954,Hispanic
00367_940422_fa_converted_final.png,Male,1974,Hispanic
00368_940422_fa_a_converted_final.png,Male,1944,White
00369_940422_fa_converted_final.png,Male,1974,White
00370_940422_fa_converted_final.png,Male,1974,White
00371_940422_fa_converted_final.png,Female,1974,Black-or-African-American
00373_940422_fa_converted_final.png,Female,1974,Black-or-African-American
00374_940422_fa_converted_final.png,Female,1974,Black-or-African-American
00375_940422_fa_converted_final.png,Female,1974,Hispanic
00376_940422_fa_converted_final.png,Female,1974,Black-or-African-American
00377_940422_fa_converted_final.png,Female,1974,Black-or-African-American
00378_940422_fa_converted_final.png,Female,1974,Black-or-African-American
00379_940422_fa_converted_final.png,Female,1974,White
00380_940422_fa_converted_final.png,Female,1974,White
00381_940422_fa_converted_final.png,Female,1974,White
00383_941031_fa_converted_final.png,Male,1974,Asian-Middle-Eastern
00384_940422_fa_converted_final.png,Female,1974,Black-or-African-American
00385_940422_fa_converted_final.png,Female,1974,White
00386_940422_fa_converted_final.png,Female,1974,Black-or-African-American
00387_940422_fa_a_converted_final.png,Female,1964,Black-or-African-American
00388_940422_fa_converted_final.png,Female,1974,White
00389_940422_fa_converted_final.png,Female,1974,White
00390_940422_fa_converted_final.png,Female,1974,White
00391_940422_fa_converted_final.png,Female,1974,White
00392_940422_fa_a_converted_final.png,Female,1974,Black-or-African-American
00393_940422_fa_a_converted_final.png,Female,1974,White
00394_940422_fa_converted_final.png,Female,1974,White
00395_940422_fa_converted_final.png,Female,1974,White
00396_940422_fa_converted_final.png,Female,1974,White
00397_940422_fa_converted_final.png,Female,1974,White
00398_940422_fa_converted_final.png,Female,1974,White
00399_940422_fa_converted_final.png,Female,1974,White
00400_940422_fa_converted_final.png,Female,1974,White
00401_940422_fa_converted_final.png,Female,1974,White
00402_940422_fa_converted_final.png,Female,1974,White
00403_940422_fa_converted_final.png,Female,1974,White
00404_940422_fa_converted_final.png,Female,1974,White
00405_940422_fa_converted_final.png,Female,1974,Black-or-African-American
00406_940422_fa_converted_final.png,Female,1974,Black-or-African-American
00407_940422_fa_converted_final.png,Female,1974,Hispanic
00408_940422_fa_converted_final.png,Female,1974,White
00409_940422_fa_converted_final.png,Female,1974,White
00410_940422_fa_converted_final.png,Female,1974,Asian
00411_940422_fa_converted_final.png,Female,1974,White
00412_940422_fa_converted_final.png,Female,1974,White
00413_940422_fa_converted_final.png,Female,1974,White
00414_940422_fa_a_converted_final.png,Female,1974,White
00415_940422_fa_converted_final.png,Male,1974,Asian
00416_940422_fa_converted_final.png,Female,1974,White
00417_940422_fa_converted_final.png,Female,1974,White
00418_940422_fa_converted_final.png,Female,1974,Hispanic
00419_940422_fa_converted_final.png,Female,1974,White
00420_940422_fa_converted_final.png,Female,1974,White
00421_940422_fa_converted_final.png,Female,1974,White
00422_940422_fa_converted_final.png,Female,1974,Black-or-African-American
00423_940422_fa_converted_final.png,Female,1974,White
00424_940422_fa_converted_final.png,Female,1974,Hispanic
00425_940422_fa_converted_final.png,Female,1974,White
00426_940422_fa_converted_final.png,Female,1974,White
00427_940422_fa_converted_final.png,Female,1974,White
00428_940422_fa_converted_final.png,Female,1974,White
00429_940422_fa_a_converted_final.png,Female,1974,Black-or-African-American
00430_940422_fa_converted_final.png,Female,1974,White
00431_940422_fa_a_converted_final.png,Female,1974,White
00432_940422_fa_converted_final.png,Female,1974,White
00433_940422_fa_converted_final.png,Female,1974,White
00434_940422_fa_converted_final.png,Female,1974,White
00436_940422_fa_converted_final.png,Female,1974,Asian
00437_940422_fa_converted_final.png,Female,1974,White
00438_940422_fa_converted_final.png,Female,1974,White
00439_940422_fa_converted_final.png,Female,1974,White
00441_940422_fa_converted_final.png,Female,1974,Asian
00442_940422_fa_converted_final.png,Female,1974,Asian
00443_940422_fa_converted_final.png,Female,1974,Hispanic
00445_940422_fa_converted_final.png,Female,1974,White
00446_940422_fa_converted_final.png,Female,1974,Black-or-African-American
00447_940422_fa_converted_final.png,Female,1974,White
00448_940422_fa_converted_final.png,Female,1974,White
00449_940422_fa_converted_final.png,Female,1974,Asian
00450_940422_fa_converted_final.png,Female,1974,White
00451_940422_fa_converted_final.png,Female,1974,White
00452_940422_fa_converted_final.png,Female,1974,Asian
00453_940422_fa_a_converted_final.png,Male,1974,Black-or-African-American
00454_940422_fa_converted_final.png,Female,1974,Asian
00455_940422_fa_converted_final.png,Female,1974,White
00456_940422_fa_converted_final.png,Female,1974,White
00457_940422_fa_converted_final.png,Female,1974,White
00458_940422_fa_converted_final.png,Female,1974,White
00459_940422_fa_converted_final.png,Female,1974,White
00460_940422_fa_converted_final.png,Male,1974,Hispanic
00461_940422_fa_converted_final.png,Male,1974,Asian
00462_940422_fa_a_converted_final.png,Male,1974,White
00465_940519_fa_converted_final.png,Male,1944,White
00466_940519_fa_converted_final.png,Female,1954,White
00467_940519_fa_converted_final.png,Male,1954,Black-or-African-American
00468_960620_fa_converted_final.png,Male,1954,White
00469_960530_fa_converted_final.png,Female,1954,White
00470_940519_fa_converted_final.png,Male,1954,White
00471_940519_fa_converted_final.png,Male,1944,White
00472_960627_fa_converted_final.png,Female,1954,Black-or-African-American
00473_940519_fa_converted_final.png,Male,1954,White
00474_960627_fa_converted_final.png,Male,1934,White
00475_940519_fa_converted_final.png,Male,1964,White
00476_940519_fa_a_converted_final.png,Male,1954,White
00477_940519_fa_converted_final.png,Male,1964,White
00478_940519_fa_converted_final.png,Male,1954,White
00479_940519_fa_converted_final.png,Female,1964,White
00480_940519_fa_converted_final.png,Female,1954,White
00481_940519_fa_a_converted_final.png,Female,1964,White
00482_940519_fa_converted_final.png,Female,1964,Asian
00483_940519_fa_converted_final.png,Female,1934,White
00484_940519_fa_converted_final.png,Male,1954,White
00485_940519_fa_a_converted_final.png,Female,1964,White
00486_940519_fa_a_converted_final.png,Male,1964,White
00487_940519_fa_converted_final.png,Female,1954,White
00488_940519_fa_a_converted_final.png,Male,1954,Black-or-African-American
00489_940519_fa_converted_final.png,Male,1964,White
00490_940519_fa_converted_final.png,Male,1974,Hispanic
00491_960627_fa_converted_final.png,Male,1944,White
00492_940519_fa_a_converted_final.png,Female,1924,White
00493_940519_fa_converted_final.png,Male,1954,Asian-Middle-Eastern
00494_940519_fa_converted_final.png,Male,1964,White
00495_940519_fa_a_converted_final.png,Female,1954,Black-or-African-American
00496_940519_fa_converted_final.png,Male,1954,Hispanic
00497_940519_fa_a_converted_final.png,Male,1954,White
00498_940519_fa_converted_final.png,Female,1954,White
00499_940519_fa_converted_final.png,Male,1934,White
00500_940519_fa_converted_final.png,Female,1944,White
00501_940519_fa_converted_final.png,Male,1964,White
00502_940519_fa_converted_final.png,Male,1944,White
00503_940519_fa_a_converted_final.png,Male,1944,White
00504_940519_fa_converted_final.png,Male,1964,White
00505_960627_fa_converted_final.png,Female,1954,White
00506_940519_fa_converted_final.png,Female,1964,White
00507_940519_fa_a_converted_final.png,Female,1954,White
00508_940519_fa_converted_final.png,Male,1944,White
00509_940519_fa_a_converted_final.png,Male,1964,White
00510_940519_fa_converted_final.png,Female,1954,White
00511_940519_fa_converted_final.png,Male,1934,White
00512_940519_fa_a_converted_final.png,Male,1964,Asian
00513_940519_fa_converted_final.png,Male,1954,White
00514_940519_fa_a_converted_final.png,Male,1954,White
00515_940519_fa_converted_final.png,Male,1964,White
00516_940519_fa_a_converted_final.png,Male,1954,Asian
00517_940519_fa_a_converted_final.png,Male,1924,White
00518_940519_fa_converted_final.png,Male,1944,White
00519_960627_fa_converted_final.png,Male,1944,White
00520_940519_fa_a_converted_final.png,Male,1954,White
00521_940519_fa_a_converted_final.png,Male,1974,White
00522_960627_fa_converted_final.png,Male,1944,White
00523_940519_fa_a_converted_final.png,Male,1964,White
00524_940519_fa_a_converted_final.png,Male,1934,White
00525_940519_fa_converted_final.png,Female,1954,White
00526_940519_fa_converted_final.png,Male,1964,White
00527_940519_fa_converted_final.png,Male,1964,White
00528_940519_fa_converted_final.png,Male,1964,White
00529_940519_fa_converted_final.png,Female,1984,Black-or-African-American
00530_940519_fa_converted_final.png,Female,1954,White
00531_940519_fa_converted_final.png,Male,1954,Black-or-African-American
00532_960627_fa_converted_final.png,Female,1954,White
00533_940519_fa_converted_final.png,Male,1954,Black-or-African-American
00534_940519_fa_converted_final.png,Female,1944,White
00535_940519_fa_converted_final.png,Male,1954,White
00536_940519_fa_converted_final.png,Male,1954,White
00537_940519_fa_converted_final.png,Female,1964,White
00538_940519_fa_converted_final.png,Male,1954,White
00539_940519_fa_converted_final.png,Male,1954,White
00540_940519_fa_converted_final.png,Female,1964,Black-or-African-American
00541_940519_fa_converted_final.png,Female,1964,White
00542_940519_fa_converted_final.png,Male,1974,White
00543_940519_fa_converted_final.png,Female,1944,Asian
00544_940519_fa_a_converted_final.png,Male,1944,Black-or-African-American
00545_940519_fa_converted_final.png,Male,1974,Asian
00546_940519_fa_a_converted_final.png,Male,1944,White
00547_940519_fa_b_converted_final.png,Female,1954,White
00548_940519_fa_a_converted_final.png,Female,1954,Hispanic
00549_940519_fa_converted_final.png,Female,1944,Hispanic
00550_940519_fa_converted_final.png,Male,1944,White
00551_940519_fa_converted_final.png,Male,1944,White
00552_940519_fa_converted_final.png,Male,1954,White
00553_940519_fa_a_converted_final.png,Male,1954,White
00554_940519_fa_converted_final.png,Female,1944,White
00555_940519_fa_converted_final.png,Female,1944,White
00556_940519_fa_converted_final.png,Female,1974,White
00557_940519_fa_converted_final.png,Female,1944,White
00558_940519_fa_converted_final.png,Male,1954,Black-or-African-American
00559_940519_fa_converted_final.png,Female,1954,White
00560_940519_fa_converted_final.png,Female,1964,White
00561_940519_fa_a_converted_final.png,Male,1964,White
00562_941031_fa_converted_final.png,Female,1974,Asian-Middle-Eastern
00563_940928_fa_converted_final.png,Female,1974,Asian
00564_941031_fa_converted_final.png,Female,1974,Asian-Middle-Eastern
00565_941121_fa_converted_final.png,Male,1944,White
00566_940928_fa_converted_final.png,Male,1974,Asian
00567_940928_fa_converted_final.png,Male,1974,Hispanic
00568_941031_fa_converted_final.png,Female,1974,Asian
00569_940928_fa_converted_final.png,Female,1964,Hispanic
00570_940928_fa_converted_final.png,Male,1974,Asian
00571_940928_fa_converted_final.png,Female,1974,Asian
00572_940928_fa_converted_final.png,Male,1944,Asian
00573_940928_fa_converted_final.png,Male,1974,White
00574_940928_fa_converted_final.png,Female,1974,White
00575_940928_fa_converted_final.png,Male,1974,Hispanic
00576_941031_fa_converted_final.png,Female,1964,Hispanic
00577_940928_fa_converted_final.png,Male,1974,White
00578_940928_fa_converted_final.png,Male,1974,Asian
00580_940928_fa_converted_final.png,Male,1964,Asian-Middle-Eastern
00581_940928_fa_converted_final.png,Female,1974,White
00582_940928_fa_converted_final.png,Male,1974,Hispanic
00583_940928_fa_converted_final.png,Male,1974,Hispanic
00584_941031_fa_converted_final.png,Male,1954,Asian
00585_940928_fa_converted_final.png,Male,1974,White
00586_940928_fa_converted_final.png,Male,1964,Black-or-African-American
00587_940928_fa_converted_final.png,Male,1974,Hispanic
00588_940307_fa_converted_final.png,Male,1954,Asian
00589_940928_fa_converted_final.png,Female,1974,White
00590_940928_fa_converted_final.png,Male,1974,White
00591_940928_fa_converted_final.png,Male,1974,White
00592_940928_fa_converted_final.png,Male,1964,White
00593_941031_fa_converted_final.png,Male,1984,White
00594_941121_fa_converted_final.png,Male,1974,White
00595_940928_fa_converted_final.png,Male,1974,White
00596_941121_fa_converted_final.png,Male,1954,Asian
00597_941031_fa_converted_final.png,Male,1974,White
00598_941031_fa_converted_final.png,Female,1974,Asian
00599_940928_fa_converted_final.png,Female,1964,Asian
00600_940928_fa_converted_final.png,Female,1974,Asian
00601_940928_fa_converted_final.png,Male,1974,Asian-Middle-Eastern
00602_940928_fa_converted_final.png,Male,1974,White
00603_940928_fa_converted_final.png,Male,1974,White
00604_940928_fa_converted_final.png,Male,1954,Asian
00605_941031_fa_converted_final.png,Female,1974,Asian
00606_940928_fa_converted_final.png,Female,1974,White
00607_940928_fa_converted_final.png,Female,1974,White
00608_940928_fa_converted_final.png,Male,1974,White
00609_940928_fa_converted_final.png,Female,1974,White
00610_940928_fa_converted_final.png,Male,1964,Asian
00611_940307_fa_converted_final.png,Male,1964,Asian
00612_940928_fa_converted_final.png,Male,1974,White
00613_940928_fa_converted_final.png,Male,1974,White
00614_941031_fa_converted_final.png,Male,1974,Asian
00615_941031_fa_converted_final.png,Male,1974,White
00616_941031_fa_converted_final.png,Male,1974,Asian-Middle-Eastern
00617_940928_fa_converted_final.png,Male,1964,Asian-Middle-Eastern
00618_940928_fa_converted_final.png,Male,1974,Asian-Middle-Eastern
00620_940928_fa_converted_final.png,Female,1974,Asian
00621_941121_fa_converted_final.png,Male,1974,Hispanic
00622_940928_fa_converted_final.png,Male,1954,Hispanic
00623_940928_fa_converted_final.png,Male,1974,White
00624_940928_fa_converted_final.png,Male,1974,Black-or-African-American
00625_940928_fa_converted_final.png,Male,1974,Asian
00626_941031_fa_converted_final.png,Male,1974,White
00627_941031_fa_converted_final.png,Male,1974,White
00628_940928_fa_converted_final.png,Female,1974,Black-or-African-American
00629_940928_fa_converted_final.png,Male,1964,Asian
00630_941031_fa_converted_final.png,Female,1964,Asian
00631_940928_fa_converted_final.png,Female,1974,Asian
00632_940928_fa_converted_final.png,Female,1974,Asian
00633_940928_fa_converted_final.png,Female,1974,Asian
00634_940928_fa_converted_final.png,Female,1964,White
00635_941031_fa_converted_final.png,Female,1974,Hispanic
00636_941031_fa_converted_final.png,Female,1964,White
00637_941031_fa_converted_final.png,Female,1974,Asian
00638_941031_fa_converted_final.png,Female,1974,Asian
00639_941031_fa_converted_final.png,Female,1974,Asian
00640_941031_fa_converted_final.png,Male,1974,Asian
00641_941031_fa_converted_final.png,Male,1954,White
00642_941121_fa_converted_final.png,Male,1964,White
00643_941031_fa_converted_final.png,Male,1974,Asian-Middle-Eastern
00644_941031_fa_converted_final.png,Female,1974,White
00645_941031_fa_converted_final.png,Male,1974,White
00646_941031_fa_converted_final.png,Male,1974,White
00647_941031_fa_converted_final.png,Female,1974,White
00648_941031_fa_converted_final.png,Female,1974,Asian
00650_941031_fa_converted_final.png,Female,1974,Asian
00652_941031_fa_converted_final.png,Male,1974,Asian-Middle-Eastern
00653_941031_fa_converted_final.png,Female,1974,White
00654_941031_fa_converted_final.png,Female,1974,Black-or-African-American
00655_941031_fa_converted_final.png,Female,1974,White
00656_941121_fa_converted_final.png,Male,1974,Hispanic
00657_941121_fa_converted_final.png,Male,1974,White
00658_941121_fa_converted_final.png,Male,1974,White
00659_941121_fa_converted_final.png,Male,1974,White
00660_960620_fa_converted_final.png,Male,1964,White
00661_941121_fa_converted_final.png,Female,1974,White
00662_941121_fa_converted_final.png,Female,1974,White
00663_941121_fa_converted_final.png,Female,1974,White
00664_941121_fa_converted_final.png,Male,1984,Black-or-African-American
00665_941121_fa_converted_final.png,Female,1964,White
00666_941121_fa_converted_final.png,Male,1984,Hispanic
00667_941121_fa_converted_final.png,Male,1974,Asian
00668_941121_fa_converted_final.png,Male,1974,Asian
00669_940307_fa_converted_final.png,Male,1954,White
00670_941121_fa_converted_final.png,Female,1974,Hispanic
00671_941121_fa_converted_final.png,Male,1974,White
00672_941121_fa_converted_final.png,Male,1964,Asian
00673_941121_fa_converted_final.png,Male,1964,Asian
00674_941121_fa_converted_final.png,Male,1964,White
00675_941121_fa_converted_final.png,Female,1974,Asian
00676_941121_fa_converted_final.png,Female,1974,Asian
00677_941121_fa_converted_final.png,Male,1964,Black-or-African-American
00678_941121_fa_converted_final.png,Male,1974,White
00679_941121_fa_converted_final.png,Male,1974,Asian
00680_941121_fa_converted_final.png,Male,1974,White
00681_941121_fa_converted_final.png,Female,1974,Asian
00682_941121_fa_converted_final.png,Female,1964,White
00683_941121_fa_converted_final.png,Male,1964,White
00684_941121_fa_converted_final.png,Male,1974,White
00685_941121_fa_converted_final.png,Male,1974,White
00686_941121_fa_converted_final.png,Male,1964,Asian-Middle-Eastern
00687_941121_fa_converted_final.png,Female,1974,Asian
00688_941121_fa_converted_final.png,Male,1964,Asian
00689_941121_fa_converted_final.png,Female,1964,Asian
00690_941121_fa_converted_final.png,Male,1964,Asian
00691_941121_fa_converted_final.png,Male,1974,White
00692_941121_fa_converted_final.png,Male,1974,Black-or-African-American
00694_941121_fa_converted_final.png,Female,1974,White
00695_941121_fa_converted_final.png,Male,1974,White
00697_941121_fa_converted_final.png,Male,1964,White
00698_941121_fa_converted_final.png,Male,1934,Asian
00700_941121_fa_converted_final.png,Female,1974,White
00701_941201_fa_converted_final.png,Male,1974,White
00703_941205_fa_converted_final.png,Female,1964,White
00704_941201_fa_converted_final.png,Female,1954,White
00705_941205_fa_converted_final.png,Female,1954,Black-or-African-American
00706_941201_fa_converted_final.png,Male,1954,White
00707_941205_fa_converted_final.png,Male,1954,White
00708_941201_fa_converted_final.png,Male,1944,White
00709_941201_fa_converted_final.png,Female,1954,Black-or-African-American
00710_960620_fa_converted_final.png,Male,1954,Asian
00711_960530_fa_converted_final.png,Male,1954,White
00712_941201_fa_converted_final.png,Male,1944,Asian
00713_960627_fa_converted_final.png,Male,1934,White
00714_960620_fa_converted_final.png,Male,1934,White
00715_941205_fa_converted_final.png,Male,1964,Hispanic
00716_941201_fa_converted_final.png,Male,1944,Black-or-African-American
00717_941205_fa_converted_final.png,Female,1954,White
00718_941201_fa_converted_final.png,Male,1954,White
00719_960620_fa_converted_final.png,Female,1954,White
00720_941205_fa_converted_final.png,Female,1964,Black-or-African-American
00721_941201_fa_converted_final.png,Male,1954,White
00722_941201_fa_converted_final.png,Male,1964,White
00723_941201_fa_converted_final.png,Female,1964,White
00724_960620_fa_converted_final.png,Male,1964,Asian
00725_941205_fa_converted_final.png,Female,1964,White
00726_941201_fa_converted_final.png,Male,1954,Asian
00727_941205_fa_converted_final.png,Female,1964,White
00728_941201_fa_converted_final.png,Female,1944,White
00729_941205_fa_converted_final.png,Male,1954,White
00730_960620_fa_converted_final.png,Female,1964,White
00731_941201_fa_converted_final.png,Female,1964,White
00732_941205_fa_converted_final.png,Male,1964,Asian
00733_941201_fa_converted_final.png,Male,1954,Asian-Middle-Eastern
00734_941201_fa_converted_final.png,Male,1964,Asian
00735_941201_fa_converted_final.png,Male,1944,White
00736_941201_fa_converted_final.png,Male,1944,White
00737_960530_fa_converted_final.png,Male,1974,Asian
00738_941201_fa_converted_final.png,Male,1954,White
00739_941205_fa_converted_final.png,Male,1944,Asian-Middle-Eastern
