filename,gender,race
00002_940928_fa_converted_final.png,0,0
00003_941121_fa_converted_final.png,0,1
00006_931230_fa_converted_final.png,0,0
00013_931230_fa_converted_final.png,1,0
00019_940422_fa_converted_final.png,0,0
00020_931230_fa_converted_final.png,1,2
00029_960620_fa_converted_final.png,0,2
00040_931230_fa_converted_final.png,1,0
00043_931230_fa_converted_final.png,1,4
00044_931230_fa_converted_final.png,1,2
00045_931230_fa_a_converted_final.png,1,2
00046_931230_fa_converted_final.png,0,2
00047_931230_fa_converted_final.png,1,2
00048_931230_fa_a_converted_final.png,0,0
00049_931230_fa_converted_final.png,0,0
00050_931230_fa_converted_final.png,0,0
00051_931230_fa_converted_final.png,0,0
00052_931230_fa_converted_final.png,1,0
00053_931230_fa_converted_final.png,1,0
00054_931230_fa_a_converted_final.png,0,2
00055_931230_fa_a_converted_final.png,0,2
00056_931230_fa_converted_final.png,0,4
00057_931230_fa_converted_final.png,1,0
00058_931230_fa_converted_final.png,0,2
00059_931230_fa_converted_final.png,0,0
00060_931230_fa_converted_final.png,1,2
00061_931230_fa_converted_final.png,1,2
00062_931230_fa_converted_final.png,0,0
00063_931230_fa_converted_final.png,0,3
00064_931230_fa_converted_final.png,0,0
00065_931230_fa_converted_final.png,1,0
00066_931230_fa_a_converted_final.png,0,4
00067_931230_fa_a_converted_final.png,0,0
00068_931230_fa_converted_final.png,1,0
00069_931230_fa_converted_final.png,0,4
00070_940307_fa_converted_final.png,0,4
00071_931230_fa_converted_final.png,1,0
00072_931230_fa_converted_final.png,1,0
00073_931230_fa_converted_final.png,0,0
00074_931230_fa_a_converted_final.png,0,0
00075_931230_fa_converted_final.png,0,0
00076_931230_fa_converted_final.png,0,0
00077_931230_fa_converted_final.png,0,4
00078_931230_fa_a_converted_final.png,0,0
00079_931230_fa_a_converted_final.png,0,0
00080_931230_fa_converted_final.png,0,0
00081_931230_fa_converted_final.png,0,0
00082_931230_fa_converted_final.png,0,0
00083_931230_fa_a_converted_final.png,0,0
00084_931230_fa_converted_final.png,1,0
00085_931230_fa_converted_final.png,0,0
00086_931230_fa_converted_final.png,0,0
00087_931230_fa_a_converted_final.png,1,0
00088_931230_fa_a_converted_final.png,0,2
00089_931230_fa_converted_final.png,0,4
00090_931230_fa_converted_final.png,1,0
00091_931230_fa_converted_final.png,0,4
00092_931230_fa_converted_final.png,1,1
00093_931230_fa_converted_final.png,0,4
00094_931230_fa_a_converted_final.png,0,0
00095_931230_fa_converted_final.png,0,2
00097_931230_fa_converted_final.png,0,2
00098_931230_fa_converted_final.png,1,1
00099_931230_fa_a_converted_final.png,0,2
00100_931230_fa_a_converted_final.png,0,2
00101_931230_fa_converted_final.png,1,3
00102_931230_fa_converted_final.png,1,1
00103_931230_fa_a_converted_final.png,0,4
00104_931230_fa_converted_final.png,1,0
00105_931230_fa_converted_final.png,0,0
00106_931230_fa_a_converted_final.png,0,2
00107_941121_fa_converted_final.png,1,0
00108_960530_fa_converted_final.png,0,1
00109_931230_fa_converted_final.png,0,0
00110_931230_fa_converted_final.png,0,2
00111_931230_fa_converted_final.png,1,0
00112_931230_fa_converted_final.png,1,0
00113_931230_fa_a_converted_final.png,0,0
00114_931230_fa_converted_final.png,0,3
00115_931230_fa_converted_final.png,0,0
00116_931230_fa_converted_final.png,0,2
00117_931230_fa_a_converted_final.png,0,2
00118_931230_fa_a_converted_final.png,0,0
00120_931230_fa_converted_final.png,0,0
00121_931230_fa_converted_final.png,1,1
00122_931230_fa_converted_final.png,0,3
00123_931230_fa_converted_final.png,1,0
00124_931230_fa_converted_final.png,0,0
00125_931230_fa_converted_final.png,1,0
00126_931230_fa_converted_final.png,1,0
00127_931230_fa_converted_final.png,0,1
00128_931230_fa_a_converted_final.png,0,2
00129_931230_fa_converted_final.png,0,0
00130_931230_fa_converted_final.png,1,2
00131_931230_fa_converted_final.png,0,4
00132_931230_fa_converted_final.png,0,4
00133_931230_fa_converted_final.png,0,2
00134_931230_fa_a_converted_final.png,0,2
00135_931230_fa_a_converted_final.png,0,2
00136_931230_fa_converted_final.png,0,0
00137_931230_fa_a_converted_final.png,0,0
00138_931230_fa_converted_final.png,0,0
00139_931230_fa_converted_final.png,0,4
00140_941121_fa_converted_final.png,1,0
00141_931230_fa_converted_final.png,1,2
00142_931230_fa_converted_final.png,0,0
00143_931230_fa_a_converted_final.png,0,0
00144_931230_fa_converted_final.png,0,0
00145_931230_fa_converted_final.png,1,3
00146_941205_fa_converted_final.png,0,0
00147_931230_fa_converted_final.png,1,2
00148_931230_fa_converted_final.png,0,0
00150_931230_fa_a_converted_final.png,0,2
00151_931230_fa_a_converted_final.png,0,0
00152_931230_fa_converted_final.png,0,0
00153_931230_fa_converted_final.png,0,2
00155_931230_fa_converted_final.png,0,0
00156_931230_fa_a_converted_final.png,0,2
00157_931230_fa_a_converted_final.png,0,2
00158_931230_fa_converted_final.png,1,0
00159_931230_fa_converted_final.png,0,2
00160_931230_fa_a_converted_final.png,0,2
00161_931230_fa_a_converted_final.png,0,0
00162_940128_fa_converted_final.png,0,0
00163_931230_fa_converted_final.png,1,2
00164_931230_fa_a_converted_final.png,0,2
00165_931230_fa_a_converted_final.png,0,2
00166_931230_fa_converted_final.png,0,2
00167_931230_fa_converted_final.png,0,2
00168_931230_fa_a_converted_final.png,0,2
00169_931230_fa_a_converted_final.png,0,4
00170_931230_fa_converted_final.png,0,2
00171_931230_fa_converted_final.png,0,2
00172_931230_fa_converted_final.png,0,0
00173_931230_fa_a_converted_final.png,0,0
00174_931230_fa_a_converted_final.png,0,2
00175_931230_fa_a_converted_final.png,1,0
00176_931230_fa_converted_final.png,0,0
00177_931230_fa_a_converted_final.png,1,0
00178_931230_fa_converted_final.png,0,4
00179_931230_fa_converted_final.png,0,2
00180_931230_fa_converted_final.png,0,3
00181_931230_fa_converted_final.png,1,1
00182_931230_fa_converted_final.png,0,2
00183_940128_fa_converted_final.png,0,1
00184_940422_fa_converted_final.png,0,3
00185_940128_fa_converted_final.png,1,0
00186_940128_fa_a_converted_final.png,0,0
00187_940128_fa_a_converted_final.png,0,1
00188_940307_fa_converted_final.png,0,4
00189_940128_fa_a_converted_final.png,0,2
00190_940128_fa_converted_final.png,1,4
00191_940128_fa_converted_final.png,1,2
00192_940128_fa_converted_final.png,0,2
00193_940928_fa_converted_final.png,0,2
00194_940128_fa_converted_final.png,1,0
00195_940128_fa_converted_final.png,0,0
00196_940128_fa_converted_final.png,1,2
00197_940128_fa_converted_final.png,1,2
00198_940128_fa_converted_final.png,1,2
00199_940128_fa_converted_final.png,0,0
00200_940128_fa_converted_final.png,0,0
00201_940128_fa_converted_final.png,1,0
00202_940128_fa_converted_final.png,1,0
00203_940128_fa_converted_final.png,0,0
00204_940128_fa_a_converted_final.png,0,2
00205_940128_fa_converted_final.png,0,2
00206_940128_fa_a_converted_final.png,0,0
00207_940128_fa_converted_final.png,0,0
00208_940128_fa_converted_final.png,1,0
00209_940128_fa_converted_final.png,1,0
00210_940128_fa_converted_final.png,1,0
00211_940128_fa_converted_final.png,1,0
00212_940128_fa_a_converted_final.png,1,0
00213_940128_fa_converted_final.png,0,0
00214_940128_fa_converted_final.png,1,0
00215_940128_fa_a_converted_final.png,0,4
00216_940128_fa_converted_final.png,0,2
00217_940128_fa_a_converted_final.png,0,0
00218_940128_fa_converted_final.png,1,2
00219_940128_fa_a_converted_final.png,1,1
00220_940128_fa_converted_final.png,0,3
00221_940128_fa_converted_final.png,1,0
00222_940128_fa_converted_final.png,0,0
00223_940128_fa_converted_final.png,0,0
00224_940128_fa_converted_final.png,1,0
00225_940128_fa_a_converted_final.png,1,0
00227_940128_fa_converted_final.png,1,0
00228_940128_fa_a_converted_final.png,0,1
00229_940128_fa_converted_final.png,0,0
00230_940128_fa_converted_final.png,0,0
00231_940128_fa_converted_final.png,1,0
00233_940128_fa_a_converted_final.png,0,2
00234_940128_fa_converted_final.png,0,2
00235_940128_fa_converted_final.png,1,0
00236_940128_fa_a_converted_final.png,0,2
00237_940128_fa_converted_final.png,0,4
00238_940128_fa_converted_final.png,1,3
00239_940128_fa_converted_final.png,1,2
00241_940128_fa_a_converted_final.png,0,2
00242_940128_fa_converted_final.png,1,2
00243_940128_fa_converted_final.png,1,2
00244_940128_fa_converted_final.png,1,1
00245_940128_fa_converted_final.png,1,2
00246_940128_fa_converted_final.png,0,2
00247_940128_fa_converted_final.png,0,2
00248_940128_fa_converted_final.png,0,0
00249_940128_fa_a_converted_final.png,0,0
00250_940128_fa_converted_final.png,1,0
00251_940128_fa_converted_final.png,0,0
00252_940128_fa_a_converted_final.png,0,0
00253_940128_fa_converted_final.png,0,0
00255_940128_fa_converted_final.png,1,0
00256_941031_fa_converted_final.png,0,0
00257_940128_fa_converted_final.png,0,1
00258_940128_fa_converted_final.png,0,0
00259_940128_fa_converted_final.png,1,0
00260_940128_fa_converted_final.png,1,0
00261_940128_fa_converted_final.png,0,2
00262_940128_fa_converted_final.png,1,0
00263_940128_fa_converted_final.png,1,0
00264_940128_fa_converted_final.png,1,0
00265_940128_fa_converted_final.png,1,4
00266_940128_fa_converted_final.png,1,0
00267_940128_fa_converted_final.png,1,2
00268_940422_fa_converted_final.png,0,0
00269_940422_fa_a_converted_final.png,0,0
00270_940422_fa_converted_final.png,1,0
00271_940422_fa_converted_final.png,1,0
00272_940422_fa_converted_final.png,0,0
00273_940422_fa_converted_final.png,0,1
00275_940422_fa_converted_final.png,0,0
00276_940422_fa_a_converted_final.png,1,0
00278_940422_fa_converted_final.png,1,0
00279_940422_fa_converted_final.png,1,0
00280_940422_fa_converted_final.png,1,0
00281_940422_fa_converted_final.png,0,0
00282_940422_fa_converted_final.png,0,4
00283_940422_fa_a_converted_final.png,0,0
00284_940422_fa_converted_final.png,0,0
00285_940422_fa_converted_final.png,0,0
00286_940422_fa_converted_final.png,0,0
00287_940422_fa_converted_final.png,0,0
00288_940422_fa_converted_final.png,1,2
00289_940422_fa_converted_final.png,0,0
00290_940422_fa_converted_final.png,1,3
00291_940422_fa_converted_final.png,0,0
00292_940422_fa_a_converted_final.png,1,0
00293_940422_fa_converted_final.png,1,0
00294_940422_fa_a_converted_final.png,1,2
00295_940422_fa_converted_final.png,0,0
00296_940422_fa_converted_final.png,1,0
00297_940422_fa_converted_final.png,0,0
00298_940422_fa_a_converted_final.png,0,0
00299_940422_fa_converted_final.png,0,0
00300_940422_fa_converted_final.png,0,1
00301_940422_fa_converted_final.png,0,0
00302_940422_fa_converted_final.png,1,1
00303_940422_fa_converted_final.png,0,0
00304_940422_fa_converted_final.png,0,0
00305_940422_fa_converted_final.png,1,1
00306_940422_fa_converted_final.png,1,0
00307_940422_fa_converted_final.png,1,0
00308_940422_fa_converted_final.png,1,0
00309_940422_fa_converted_final.png,0,0
00310_940422_fa_converted_final.png,0,0
00311_940422_fa_converted_final.png,1,3
00312_940422_fa_converted_final.png,1,0
00313_940422_fa_converted_final.png,1,3
00314_940422_fa_converted_final.png,1,3
00315_940422_fa_converted_final.png,1,0
00316_940422_fa_converted_final.png,1,0
00317_940422_fa_converted_final.png,1,3
00318_940422_fa_converted_final.png,0,3
00319_940422_fa_converted_final.png,1,0
00320_940422_fa_converted_final.png,0,0
00321_940422_fa_converted_final.png,0,0
00322_940422_fa_converted_final.png,0,3
00323_940422_fa_converted_final.png,0,0
00324_940422_fa_converted_final.png,1,0
00325_940422_fa_a_converted_final.png,1,0
00326_940422_fa_converted_final.png,1,0
00327_940422_fa_converted_final.png,1,0
00328_940422_fa_converted_final.png,1,0
00329_940422_fa_converted_final.png,1,0
00330_940422_fa_converted_final.png,1,2
00331_940422_fa_converted_final.png,0,0
00332_940422_fa_converted_final.png,0,1
00333_940422_fa_converted_final.png,0,0
00334_940422_fa_converted_final.png,0,0
00335_940422_fa_converted_final.png,0,0
00336_940422_fa_converted_final.png,1,0
00337_940422_fa_converted_final.png,1,0
00338_940422_fa_converted_final.png,0,0
00339_940422_fa_a_converted_final.png,0,0
00340_940422_fa_a_converted_final.png,0,0
00341_940422_fa_converted_final.png,0,0
00342_940422_fa_converted_final.png,1,0
00343_940422_fa_converted_final.png,1,3
00344_940422_fa_converted_final.png,1,0
00345_940422_fa_converted_final.png,0,0
00346_940422_fa_converted_final.png,1,0
00347_940422_fa_converted_final.png,1,0
00348_940422_fa_converted_final.png,0,3
00349_940422_fa_converted_final.png,1,0
00350_940422_fa_converted_final.png,1,0
00351_940422_fa_converted_final.png,1,3
00352_940422_fa_converted_final.png,1,0
00353_940422_fa_converted_final.png,1,0
00354_940422_fa_converted_final.png,1,0
00355_940422_fa_converted_final.png,0,0
00356_940422_fa_converted_final.png,1,3
00357_940422_fa_converted_final.png,1,3
00358_940422_fa_converted_final.png,0,1
00359_940422_fa_converted_final.png,0,0
00360_940422_fa_converted_final.png,0,0
00361_940422_fa_converted_final.png,0,0
00362_940422_fa_converted_final.png,0,0
00363_940422_fa_converted_final.png,0,0
00364_940422_fa_converted_final.png,0,0
00365_940422_fa_converted_final.png,1,0
00366_940422_fa_converted_final.png,1,3
00367_940422_fa_converted_final.png,0,3
00368_940422_fa_a_converted_final.png,0,0
00369_940422_fa_converted_final.png,0,0
00370_940422_fa_converted_final.png,0,0
00371_940422_fa_converted_final.png,1,1
00373_940422_fa_converted_final.png,1,1
00374_940422_fa_converted_final.png,1,1
00375_940422_fa_converted_final.png,1,3
00376_940422_fa_converted_final.png,1,1
00377_940422_fa_converted_final.png,1,1
00378_940422_fa_converted_final.png,1,1
00379_940422_fa_converted_final.png,1,0
00380_940422_fa_converted_final.png,1,0
00381_940422_fa_converted_final.png,1,0
00383_941031_fa_converted_final.png,0,4
00384_940422_fa_converted_final.png,1,1
00385_940422_fa_converted_final.png,1,0
00386_940422_fa_converted_final.png,1,1
00387_940422_fa_a_converted_final.png,1,1
00388_940422_fa_converted_final.png,1,0
00389_940422_fa_converted_final.png,1,0
00390_940422_fa_converted_final.png,1,0
00391_940422_fa_converted_final.png,1,0
00392_940422_fa_a_converted_final.png,1,1
00393_940422_fa_a_converted_final.png,1,0
00394_940422_fa_converted_final.png,1,0
00395_940422_fa_converted_final.png,1,0
00396_940422_fa_converted_final.png,1,0
00397_940422_fa_converted_final.png,1,0
00398_940422_fa_converted_final.png,1,0
00399_940422_fa_converted_final.png,1,0
00400_940422_fa_converted_final.png,1,0
00401_940422_fa_converted_final.png,1,0
00402_940422_fa_converted_final.png,1,0
00403_940422_fa_converted_final.png,1,0
00404_940422_fa_converted_final.png,1,0
00405_940422_fa_converted_final.png,1,1
00406_940422_fa_converted_final.png,1,1
00407_940422_fa_converted_final.png,1,3
00408_940422_fa_converted_final.png,1,0
00409_940422_fa_converted_final.png,1,0
00410_940422_fa_converted_final.png,1,2
00411_940422_fa_converted_final.png,1,0
00412_940422_fa_converted_final.png,1,0
00413_940422_fa_converted_final.png,1,0
00414_940422_fa_a_converted_final.png,1,0
00415_940422_fa_converted_final.png,0,2
00416_940422_fa_converted_final.png,1,0
00417_940422_fa_converted_final.png,1,0
00418_940422_fa_converted_final.png,1,3
00419_940422_fa_converted_final.png,1,0
00420_940422_fa_converted_final.png,1,0
00421_940422_fa_converted_final.png,1,0
00422_940422_fa_converted_final.png,1,1
00423_940422_fa_converted_final.png,1,0
00424_940422_fa_converted_final.png,1,3
00425_940422_fa_converted_final.png,1,0
00426_940422_fa_converted_final.png,1,0
00427_940422_fa_converted_final.png,1,0
00428_940422_fa_converted_final.png,1,0
00429_940422_fa_a_converted_final.png,1,1
00430_940422_fa_converted_final.png,1,0
00431_940422_fa_a_converted_final.png,1,0
00432_940422_fa_converted_final.png,1,0
00433_940422_fa_converted_final.png,1,0
00434_940422_fa_converted_final.png,1,0
00436_940422_fa_converted_final.png,1,2
00437_940422_fa_converted_final.png,1,0
00438_940422_fa_converted_final.png,1,0
00439_940422_fa_converted_final.png,1,0
00441_940422_fa_converted_final.png,1,2
00442_940422_fa_converted_final.png,1,2
00443_940422_fa_converted_final.png,1,3
00445_940422_fa_converted_final.png,1,0
00446_940422_fa_converted_final.png,1,1
00447_940422_fa_converted_final.png,1,0
00448_940422_fa_converted_final.png,1,0
00449_940422_fa_converted_final.png,1,2
00450_940422_fa_converted_final.png,1,0
00451_940422_fa_converted_final.png,1,0
00452_940422_fa_converted_final.png,1,2
00453_940422_fa_a_converted_final.png,0,1
00454_940422_fa_converted_final.png,1,2
00455_940422_fa_converted_final.png,1,0
00456_940422_fa_converted_final.png,1,0
00457_940422_fa_converted_final.png,1,0
00458_940422_fa_converted_final.png,1,0
00459_940422_fa_converted_final.png,1,0
00460_940422_fa_converted_final.png,0,3
00461_940422_fa_converted_final.png,0,2
00462_940422_fa_a_converted_final.png,0,0
00465_940519_fa_converted_final.png,0,0
00466_940519_fa_converted_final.png,1,0
00467_940519_fa_converted_final.png,0,1
00468_960620_fa_converted_final.png,0,0
00469_960530_fa_converted_final.png,1,0
00470_940519_fa_converted_final.png,0,0
00471_940519_fa_converted_final.png,0,0
00472_960627_fa_converted_final.png,1,1
00473_940519_fa_converted_final.png,0,0
00474_960627_fa_converted_final.png,0,0
00475_940519_fa_converted_final.png,0,0
00476_940519_fa_a_converted_final.png,0,0
00477_940519_fa_converted_final.png,0,0
00478_940519_fa_converted_final.png,0,0
00479_940519_fa_converted_final.png,1,0
00480_940519_fa_converted_final.png,1,0
00481_940519_fa_a_converted_final.png,1,0
00482_940519_fa_converted_final.png,1,2
00483_940519_fa_converted_final.png,1,0
00484_940519_fa_converted_final.png,0,0
00485_940519_fa_a_converted_final.png,1,0
00486_940519_fa_a_converted_final.png,0,0
00487_940519_fa_converted_final.png,1,0
00488_940519_fa_a_converted_final.png,0,1
00489_940519_fa_converted_final.png,0,0
00490_940519_fa_converted_final.png,0,3
00491_960627_fa_converted_final.png,0,0
00492_940519_fa_a_converted_final.png,1,0
00493_940519_fa_converted_final.png,0,4
00494_940519_fa_converted_final.png,0,0
00495_940519_fa_a_converted_final.png,1,1
00496_940519_fa_converted_final.png,0,3
00497_940519_fa_a_converted_final.png,0,0
00498_940519_fa_converted_final.png,1,0
00499_940519_fa_converted_final.png,0,0
00500_940519_fa_converted_final.png,1,0
00501_940519_fa_converted_final.png,0,0
00502_940519_fa_converted_final.png,0,0
00503_940519_fa_a_converted_final.png,0,0
00504_940519_fa_converted_final.png,0,0
00505_960627_fa_converted_final.png,1,0
00506_940519_fa_converted_final.png,1,0
00507_940519_fa_a_converted_final.png,1,0
00508_940519_fa_converted_final.png,0,0
00509_940519_fa_a_converted_final.png,0,0
00510_940519_fa_converted_final.png,1,0
00511_940519_fa_converted_final.png,0,0
00512_940519_fa_a_converted_final.png,0,2
00513_940519_fa_converted_final.png,0,0
00514_940519_fa_a_converted_final.png,0,0
00515_940519_fa_converted_final.png,0,0
00516_940519_fa_a_converted_final.png,0,2
00517_940519_fa_a_converted_final.png,0,0
00518_940519_fa_converted_final.png,0,0
00519_960627_fa_converted_final.png,0,0
00520_940519_fa_a_converted_final.png,0,0
00521_940519_fa_a_converted_final.png,0,0
00522_960627_fa_converted_final.png,0,0
00523_940519_fa_a_converted_final.png,0,0
00524_940519_fa_a_converted_final.png,0,0
00525_940519_fa_converted_final.png,1,0
00526_940519_fa_converted_final.png,0,0
00527_940519_fa_converted_final.png,0,0
00528_940519_fa_converted_final.png,0,0
00529_940519_fa_converted_final.png,1,1
00530_940519_fa_converted_final.png,1,0
00531_940519_fa_converted_final.png,0,1
00532_960627_fa_converted_final.png,1,0
00533_940519_fa_converted_final.png,0,1
00534_940519_fa_converted_final.png,1,0
00535_940519_fa_converted_final.png,0,0
00536_940519_fa_converted_final.png,0,0
00537_940519_fa_converted_final.png,1,0
00538_940519_fa_converted_final.png,0,0
00539_940519_fa_converted_final.png,0,0
00540_940519_fa_converted_final.png,1,1
00541_940519_fa_converted_final.png,1,0
00542_940519_fa_converted_final.png,0,0
00543_940519_fa_converted_final.png,1,2
00544_940519_fa_a_converted_final.png,0,1
00545_940519_fa_converted_final.png,0,2
00546_940519_fa_a_converted_final.png,0,0
00547_940519_fa_b_converted_final.png,1,0
00548_940519_fa_a_converted_final.png,1,3
00549_940519_fa_converted_final.png,1,3
00550_940519_fa_converted_final.png,0,0
00551_940519_fa_converted_final.png,0,0
00552_940519_fa_converted_final.png,0,0
00553_940519_fa_a_converted_final.png,0,0
00554_940519_fa_converted_final.png,1,0
00555_940519_fa_converted_final.png,1,0
00556_940519_fa_converted_final.png,1,0
00557_940519_fa_converted_final.png,1,0
00558_940519_fa_converted_final.png,0,1
00559_940519_fa_converted_final.png,1,0
00560_940519_fa_converted_final.png,1,0
00561_940519_fa_a_converted_final.png,0,0
00562_941031_fa_converted_final.png,1,4
00563_940928_fa_converted_final.png,1,2
00564_941031_fa_converted_final.png,1,4
00565_941121_fa_converted_final.png,0,0
00566_940928_fa_converted_final.png,0,2
00567_940928_fa_converted_final.png,0,3
00568_941031_fa_converted_final.png,1,2
00569_940928_fa_converted_final.png,1,3
00570_940928_fa_converted_final.png,0,2
00571_940928_fa_converted_final.png,1,2
00572_940928_fa_converted_final.png,0,2
00573_940928_fa_converted_final.png,0,0
00574_940928_fa_converted_final.png,1,0
00575_940928_fa_converted_final.png,0,3
00576_941031_fa_converted_final.png,1,3
00577_940928_fa_converted_final.png,0,0
00578_940928_fa_converted_final.png,0,2
00580_940928_fa_converted_final.png,0,4
00581_940928_fa_converted_final.png,1,0
00582_940928_fa_converted_final.png,0,3
00583_940928_fa_converted_final.png,0,3
00584_941031_fa_converted_final.png,0,2
00585_940928_fa_converted_final.png,0,0
00586_940928_fa_converted_final.png,0,1
00587_940928_fa_converted_final.png,0,3
00588_940307_fa_converted_final.png,0,2
00589_940928_fa_converted_final.png,1,0
00590_940928_fa_converted_final.png,0,0
00591_940928_fa_converted_final.png,0,0
00592_940928_fa_converted_final.png,0,0
00593_941031_fa_converted_final.png,0,0
00594_941121_fa_converted_final.png,0,0
00595_940928_fa_converted_final.png,0,0
00596_941121_fa_converted_final.png,0,2
00597_941031_fa_converted_final.png,0,0
00598_941031_fa_converted_final.png,1,2
00599_940928_fa_converted_final.png,1,2
00600_940928_fa_converted_final.png,1,2
00601_940928_fa_converted_final.png,0,4
00602_940928_fa_converted_final.png,0,0
00603_940928_fa_converted_final.png,0,0
00604_940928_fa_converted_final.png,0,2
00605_941031_fa_converted_final.png,1,2
00606_940928_fa_converted_final.png,1,0
00607_940928_fa_converted_final.png,1,0
00608_940928_fa_converted_final.png,0,0
00609_940928_fa_converted_final.png,1,0
00610_940928_fa_converted_final.png,0,2
00611_940307_fa_converted_final.png,0,2
00612_940928_fa_converted_final.png,0,0
00613_940928_fa_converted_final.png,0,0
00614_941031_fa_converted_final.png,0,2
00615_941031_fa_converted_final.png,0,0
00616_941031_fa_converted_final.png,0,4
00617_940928_fa_converted_final.png,0,4
00618_940928_fa_converted_final.png,0,4
00620_940928_fa_converted_final.png,1,2
00621_941121_fa_converted_final.png,0,3
00622_940928_fa_converted_final.png,0,3
00623_940928_fa_converted_final.png,0,0
00624_940928_fa_converted_final.png,0,1
00625_940928_fa_converted_final.png,0,2
00626_941031_fa_converted_final.png,0,0
00627_941031_fa_converted_final.png,0,0
00628_940928_fa_converted_final.png,1,1
00629_940928_fa_converted_final.png,0,2
00630_941031_fa_converted_final.png,1,2
00631_940928_fa_converted_final.png,1,2
00632_940928_fa_converted_final.png,1,2
00633_940928_fa_converted_final.png,1,2
00634_940928_fa_converted_final.png,1,0
00635_941031_fa_converted_final.png,1,3
00636_941031_fa_converted_final.png,1,0
00637_941031_fa_converted_final.png,1,2
00638_941031_fa_converted_final.png,1,2
00639_941031_fa_converted_final.png,1,2
00640_941031_fa_converted_final.png,0,2
00641_941031_fa_converted_final.png,0,0
00642_941121_fa_converted_final.png,0,0
00643_941031_fa_converted_final.png,0,4
00644_941031_fa_converted_final.png,1,0
00645_941031_fa_converted_final.png,0,0
00646_941031_fa_converted_final.png,0,0
00647_941031_fa_converted_final.png,1,0
00648_941031_fa_converted_final.png,1,2
00650_941031_fa_converted_final.png,1,2
00652_941031_fa_converted_final.png,0,4
00653_941031_fa_converted_final.png,1,0
00654_941031_fa_converted_final.png,1,1
00655_941031_fa_converted_final.png,1,0
00656_941121_fa_converted_final.png,0,3
00657_941121_fa_converted_final.png,0,0
00658_941121_fa_converted_final.png,0,0
00659_941121_fa_converted_final.png,0,0
00660_960620_fa_converted_final.png,0,0
00661_941121_fa_converted_final.png,1,0
00662_941121_fa_converted_final.png,1,0
00663_941121_fa_converted_final.png,1,0
00664_941121_fa_converted_final.png,0,1
00665_941121_fa_converted_final.png,1,0
00666_941121_fa_converted_final.png,0,3
00667_941121_fa_converted_final.png,0,2
00668_941121_fa_converted_final.png,0,2
00669_940307_fa_converted_final.png,0,0
00670_941121_fa_converted_final.png,1,3
00671_941121_fa_converted_final.png,0,0
00672_941121_fa_converted_final.png,0,2
00673_941121_fa_converted_final.png,0,2
00674_941121_fa_converted_final.png,0,0
00675_941121_fa_converted_final.png,1,2
00676_941121_fa_converted_final.png,1,2
00677_941121_fa_converted_final.png,0,1
00678_941121_fa_converted_final.png,0,0
00679_941121_fa_converted_final.png,0,2
00680_941121_fa_converted_final.png,0,0
00681_941121_fa_converted_final.png,1,2
00682_941121_fa_converted_final.png,1,0
00683_941121_fa_converted_final.png,0,0
00684_941121_fa_converted_final.png,0,0
00685_941121_fa_converted_final.png,0,0
00686_941121_fa_converted_final.png,0,4
00687_941121_fa_converted_final.png,1,2
00688_941121_fa_converted_final.png,0,2
00689_941121_fa_converted_final.png,1,2
00690_941121_fa_converted_final.png,0,2
00691_941121_fa_converted_final.png,0,0
00692_941121_fa_converted_final.png,0,1
00694_941121_fa_converted_final.png,1,0
00695_941121_fa_converted_final.png,0,0
00697_941121_fa_converted_final.png,0,0
00698_941121_fa_converted_final.png,0,2
00700_941121_fa_converted_final.png,1,0
00701_941201_fa_converted_final.png,0,0
00703_941205_fa_converted_final.png,1,0
00704_941201_fa_converted_final.png,1,0
00705_941205_fa_converted_final.png,1,1
00706_941201_fa_converted_final.png,0,0
00707_941205_fa_converted_final.png,0,0
00708_941201_fa_converted_final.png,0,0
00709_941201_fa_converted_final.png,1,1
00710_960620_fa_converted_final.png,0,2
00711_960530_fa_converted_final.png,0,0
00712_941201_fa_converted_final.png,0,2
00713_960627_fa_converted_final.png,0,0
00714_960620_fa_converted_final.png,0,0
00715_941205_fa_converted_final.png,0,3
00716_941201_fa_converted_final.png,0,1
00717_941205_fa_converted_final.png,1,0
00718_941201_fa_converted_final.png,0,0
00719_960620_fa_converted_final.png,1,0
00720_941205_fa_converted_final.png,1,1
00721_941201_fa_converted_final.png,0,0
00722_941201_fa_converted_final.png,0,0
00723_941201_fa_converted_final.png,1,0
00724_960620_fa_converted_final.png,0,2
00725_941205_fa_converted_final.png,1,0
00726_941201_fa_converted_final.png,0,2
00727_941205_fa_converted_final.png,1,0
00728_941201_fa_converted_final.png,1,0
00729_941205_fa_converted_final.png,0,0
00730_960620_fa_converted_final.png,1,0
00731_941201_fa_converted_final.png,1,0
00732_941205_fa_converted_final.png,0,2
00733_941201_fa_converted_final.png,0,4
00734_941201_fa_converted_final.png,0,2
00735_941201_fa_converted_final.png,0,0
00736_941201_fa_converted_final.png,0,0
00737_960530_fa_converted_final.png,0,2
00738_941201_fa_converted_final.png,0,0
00739_941205_fa_converted_final.png,0,4
00740_941205_fa_converted_final.png,0,2
00741_941201_fa_converted_final.png,0,0
00742_941201_fa_converted_final.png,1,0
00743_941201_fa_converted_final.png,0,0
00744_941205_fa_converted_final.png,0,0
00745_941201_fa_converted_final.png,1,0
00746_941205_fa_converted_final.png,0,1
00747_941201_fa_converted_final.png,0,0
00749_941201_fa_converted_final.png,0,0
00750_960530_fa_converted_final.png,0,0
00751_960620_fa_converted_final.png,0,0
00752_960530_fa_converted_final.png,0,2
00753_941201_fa_converted_final.png,0,0
00754_941201_fa_converted_final.png,0,0
00755_941201_fa_converted_final.png,0,0
00756_941201_fa_converted_final.png,0,0
00757_941201_fa_converted_final.png,0,0
00758_941201_fa_converted_final.png,1,0
00760_941201_fa_converted_final.png,0,0
00761_960627_fa_converted_final.png,0,0
00762_941201_fa_converted_final.png,1,0
00763_941201_fa_converted_final.png,0,2
00764_941205_fa_converted_final.png,0,0
00765_941201_fa_converted_final.png,0,0
00766_960530_fa_converted_final.png,0,0
00767_941201_fa_converted_final.png,0,0
00768_960530_fa_converted_final.png,0,0
00769_941201_fa_converted_final.png,1,1
00770_960530_fa_a_converted_final.png,0,0
00771_941205_fa_converted_final.png,0,0
00772_941201_fa_converted_final.png,0,0
00773_960620_fa_converted_final.png,1,3
00774_941201_fa_converted_final.png,0,0
00775_941205_fa_converted_final.png,0,0
00776_941205_fa_converted_final.png,0,0
00777_941205_fa_converted_final.png,0,0
00778_941205_fa_converted_final.png,0,0
00779_960530_fa_converted_final.png,1,0
00780_960530_fa_converted_final.png,1,0
00781_941205_fa_converted_final.png,1,0
00782_941205_fa_converted_final.png,1,0
00783_941205_fa_converted_final.png,0,0
00784_941205_fa_converted_final.png,0,2
00785_941205_fa_converted_final.png,0,0
00786_941205_fa_converted_final.png,1,1
00787_941205_fa_converted_final.png,1,2
00788_941205_fa_converted_final.png,1,0
00789_941205_fa_converted_final.png,1,0
00790_941205_fa_converted_final.png,0,0
00791_941205_fa_converted_final.png,1,0
00792_941205_fa_converted_final.png,0,0
00793_941205_fa_converted_final.png,0,2
00794_960620_fa_converted_final.png,0,0
00795_941205_fa_converted_final.png,0,2
00796_941205_fa_converted_final.png,0,0
00797_941205_fa_converted_final.png,0,3
00798_941205_fa_converted_final.png,0,0
00799_941205_fa_converted_final.png,0,3
00800_941205_fa_converted_final.png,0,4
00801_941205_fa_converted_final.png,0,1
00802_941205_fa_converted_final.png,0,0
00803_941205_fa_converted_final.png,0,0
00804_941205_fa_converted_final.png,1,0
00805_941205_fa_converted_final.png,0,0
00806_941205_fa_converted_final.png,0,4
00807_960530_fa_converted_final.png,0,0
00809_960530_fa_converted_final.png,0,2
00810_941205_fa_converted_final.png,0,2
00811_960530_fa_converted_final.png,0,0
00812_960530_fa_converted_final.png,0,0
00813_941205_fa_converted_final.png,0,0
00814_941205_fa_converted_final.png,0,1
00815_941205_fa_converted_final.png,1,0
00816_941205_fa_converted_final.png,0,0
00817_941205_fa_converted_final.png,0,0
00818_940307_fa_converted_final.png,1,0
00819_940307_fa_converted_final.png,0,0
00820_940307_fa_converted_final.png,0,2
00821_940307_fa_a_converted_final.png,0,0
00822_940307_fa_converted_final.png,0,0
00823_940307_fa_a_converted_final.png,1,4
00824_940307_fa_converted_final.png,1,0
00825_940307_fa_converted_final.png,0,0
00826_940307_fa_converted_final.png,0,0
00827_940307_fa_converted_final.png,1,0
00828_940307_fa_converted_final.png,0,2
00829_940307_fa_a_converted_final.png,0,2
00830_940307_fa_a_converted_final.png,0,0
00831_940307_fa_converted_final.png,1,0
00833_940307_fa_a_converted_final.png,0,0
00834_940307_fa_a_converted_final.png,0,0
00835_940307_fa_converted_final.png,0,0
00836_940307_fa_converted_final.png,0,0
00837_940307_fa_converted_final.png,1,0
00838_940307_fa_converted_final.png,0,0
00839_940307_fa_converted_final.png,0,0
00840_940307_fa_converted_final.png,1,0
00841_940307_fa_converted_final.png,0,2
00842_940307_fa_converted_final.png,1,2
00843_940307_fa_a_converted_final.png,0,2
00844_940307_fa_converted_final.png,0,0
00845_940307_fa_converted_final.png,0,0
00846_940307_fa_a_converted_final.png,0,0
00847_940307_fa_converted_final.png,0,0
00848_940307_fa_converted_final.png,1,0
00849_940307_fa_a_converted_final.png,1,0
00850_940307_fa_converted_final.png,1,0
00851_940307_fa_converted_final.png,1,3
00852_940307_fa_converted_final.png,0,0
00853_940307_fa_converted_final.png,0,0
00854_940307_fa_converted_final.png,0,1
00855_940307_fa_converted_final.png,0,4
00856_940307_fa_converted_final.png,0,2
00857_940307_fa_converted_final.png,0,1
00858_940307_fa_converted_final.png,1,0
00859_940307_fa_converted_final.png,0,2
00860_940307_fa_converted_final.png,0,0
00861_940307_fa_converted_final.png,0,0
00862_940307_fa_converted_final.png,0,3
00863_940307_fa_converted_final.png,0,0
00864_940307_fa_converted_final.png,1,0
00865_940307_fa_a_converted_final.png,0,0
00866_940307_fa_a_converted_final.png,0,2
00867_940307_fa_converted_final.png,0,1
00868_940307_fa_converted_final.png,0,0
00869_940307_fa_converted_final.png,0,4
00870_940307_fa_converted_final.png,0,0
00871_940307_fa_converted_final.png,0,0
00873_940307_fa_converted_final.png,1,0
00874_940307_fa_converted_final.png,0,0
00875_940307_fa_converted_final.png,0,0
00876_960620_fa_converted_final.png,0,0
00877_960530_fa_converted_final.png,0,0
00878_960530_fa_converted_final.png,1,0
00879_960530_fa_converted_final.png,0,0
00880_960530_fa_converted_final.png,0,2
00882_960530_fa_converted_final.png,0,0
00883_960530_fa_converted_final.png,1,2
00884_960530_fa_converted_final.png,0,0
00885_960530_fa_converted_final.png,0,0
00886_960530_fa_converted_final.png,0,0
00887_960530_fa_converted_final.png,0,0
00888_960530_fa_converted_final.png,0,0
00889_960530_fa_converted_final.png,1,0
00890_960530_fa_converted_final.png,0,0
00891_960530_fa_converted_final.png,0,0
00892_960530_fa_converted_final.png,0,0
00893_960530_fa_converted_final.png,0,2
00894_960530_fa_converted_final.png,1,3
00895_960530_fa_converted_final.png,1,0
00896_960530_fa_converted_final.png,0,0
00897_960530_fa_converted_final.png,0,0
00898_960530_fa_converted_final.png,0,0
00899_960530_fa_converted_final.png,0,0
00900_960530_fa_converted_final.png,0,0
00901_960530_fa_converted_final.png,0,0
00902_960530_fa_converted_final.png,0,0
00903_960620_fa_converted_final.png,1,0
00904_960530_fa_converted_final.png,0,0
00905_960530_fa_converted_final.png,0,0
00906_960530_fa_converted_final.png,0,0
00907_960620_fa_converted_final.png,0,0
00908_960530_fa_converted_final.png,0,0
00909_960530_fa_converted_final.png,0,0
00910_960530_fa_converted_final.png,1,0
00911_960530_fa_converted_final.png,0,2
00912_960530_fa_converted_final.png,0,4
00913_960530_fa_converted_final.png,0,2
00914_960620_fa_converted_final.png,1,0
00915_960620_fa_converted_final.png,1,1
00916_960620_fa_converted_final.png,1,1
00917_960620_fa_converted_final.png,0,1
00918_960620_fa_converted_final.png,0,0
00919_960620_fa_converted_final.png,0,0
00920_960627_fa_converted_final.png,1,0
00921_960627_fa_converted_final.png,0,2
00922_960627_fa_converted_final.png,0,0
00923_960627_fa_converted_final.png,0,0
00924_960627_fa_converted_final.png,0,0
00925_960627_fa_converted_final.png,1,0
00926_960627_fa_converted_final.png,0,4
00927_960627_fa_converted_final.png,1,0
00928_960627_fa_converted_final.png,0,0
00929_960627_fa_converted_final.png,0,1
00930_960627_fa_converted_final.png,0,4
00931_960627_fa_converted_final.png,0,1
00932_960627_fa_converted_final.png,0,2
00933_960627_fa_converted_final.png,0,2
00934_960627_fa_converted_final.png,1,0
00935_960627_fa_converted_final.png,0,0
00936_960627_fa_converted_final.png,1,3
00937_960627_fa_converted_final.png,1,3
00938_960627_fa_converted_final.png,0,0
00939_960627_fa_converted_final.png,0,0
00941_960627_fa_converted_final.png,1,0
00942_960627_fa_converted_final.png,0,0
00943_960627_fa_converted_final.png,1,0
00944_960627_fa_converted_final.png,1,0
00945_960627_fa_converted_final.png,1,1
00946_960627_fa_converted_final.png,1,1
00947_960627_fa_converted_final.png,0,0
00948_960627_fa_converted_final.png,0,0
00949_960627_fa_converted_final.png,1,0
00950_960627_fa_converted_final.png,0,0
00952_960627_fa_converted_final.png,0,0
00953_960627_fa_converted_final.png,1,0
00954_960627_fa_converted_final.png,0,0
00955_960627_fa_converted_final.png,0,0
00956_960627_fa_converted_final.png,1,1
00957_960627_fa_converted_final.png,1,0
00958_960627_fa_converted_final.png,1,0
00959_960627_fa_converted_final.png,0,0
00960_960627_fa_converted_final.png,0,0
00961_960627_fa_converted_final.png,0,0
00962_960627_fa_converted_final.png,1,0
00963_960627_fa_converted_final.png,1,1
00964_960627_fa_converted_final.png,0,1
00965_960627_fa_converted_final.png,1,3
00966_960627_fa_converted_final.png,0,0
00967_960627_fa_converted_final.png,1,0
00968_960627_fa_converted_final.png,0,0
00969_960627_fa_converted_final.png,1,0
00970_960627_fa_converted_final.png,1,0
00971_960627_fa_converted_final.png,1,0
00972_960627_fa_converted_final.png,0,0
00973_960627_fa_converted_final.png,0,0
00974_960627_fa_converted_final.png,1,1
00977_960627_fa_converted_final.png,0,0
00978_960627_fa_converted_final.png,1,1
00979_960627_fa_converted_final.png,0,4
00980_960627_fa_converted_final.png,1,0
00981_960627_fa_converted_final.png,1,0
00982_960627_fa_converted_final.png,0,4
00983_960627_fa_converted_final.png,0,0
00984_960627_fa_converted_final.png,1,0
00985_960627_fa_converted_final.png,0,0
00986_960627_fa_converted_final.png,1,0
00987_960627_fa_converted_final.png,0,0
00988_960627_fa_converted_final.png,0,2
00989_960627_fa_converted_final.png,0,2
00990_960627_fa_converted_final.png,0,4
00991_960627_fa_converted_final.png,0,0
00992_960627_fa_converted_final.png,0,2
00993_960627_fa_converted_final.png,1,0
00994_960627_fa_converted_final.png,0,2
00995_960627_fa_converted_final.png,0,0
00996_960627_fa_converted_final.png,1,0
00997_960627_fa_converted_final.png,0,0
00998_960627_fa_converted_final.png,0,0
00999_960627_fa_converted_final.png,0,0
01000_960627_fa_converted_final.png,0,0
01001_960627_fa_converted_final.png,0,0
01002_960627_fa_converted_final.png,0,0
01003_960627_fa_converted_final.png,0,3
01004_960627_fa_converted_final.png,0,0
01005_960627_fa_converted_final.png,0,0
01006_960627_fa_converted_final.png,0,0
01007_960627_fa_converted_final.png,1,0
01008_960627_fa_converted_final.png,1,0
01009_960627_fa_converted_final.png,1,1
01010_960627_fa_converted_final.png,0,0
01011_960627_fa_converted_final.png,1,0
01012_960627_fa_converted_final.png,0,0
01207_940128_fa_converted_final.png,0,4
01208_940128_fa_a_converted_final.png,0,0
