age_group,gender,race,timestamp,strategy,mask_level,share_id,filename,accepted,prompt,majority_vote
1,0,0,20230911103124160881,similar,accurate,0,1_0_0_20230911103124160881_similar_accurate.png,"[True, False, False, True, False]",white male preschooler,False
1,0,0,20230911103141682049,similar,moderate,0,1_0_0_20230911103141682049_similar_moderate.png,"[True, True, False]",white male preschooler,True
1,0,0,20230911103152978333,similar,imprecise,0,1_0_0_20230911103152978333_similar_imprecise.png,[True],white male preschooler,True
1,0,0,20230911103204288139,similar,accurate,1,1_0_0_20230911103204288139_similar_accurate.png,"[True, True, True]",white male preschooler,True
1,0,0,20230911103217144559,similar,moderate,1,1_0_0_20230911103217144559_similar_moderate.png,[True],white male preschooler,True
1,0,0,20230911103229224687,similar,imprecise,1,1_0_0_20230911103229224687_similar_imprecise.png,[True],white male preschooler,True
1,0,0,20230911103240896466,similar,accurate,2,1_0_0_20230911103240896466_similar_accurate.png,[True],white male preschooler,True
1,0,0,20230911103251935246,similar,moderate,2,1_0_0_20230911103251935246_similar_moderate.png,"[True, True, False, True]",white male preschooler,True
1,0,0,20230911103302763675,similar,imprecise,2,1_0_0_20230911103302763675_similar_imprecise.png,"[True, True, False]",white male preschooler,True
1,0,0,20230911103314174819,similar,accurate,3,1_0_0_20230911103314174819_similar_accurate.png,[True],white male preschooler,True
1,0,0,20230911103325896019,similar,moderate,3,1_0_0_20230911103325896019_similar_moderate.png,"[True, True]",white male preschooler,True
1,0,0,20230911103343880139,similar,imprecise,3,1_0_0_20230911103343880139_similar_imprecise.png,"[True, True, False]",white male preschooler,True
1,0,0,20230911103355583053,similar,accurate,4,1_0_0_20230911103355583053_similar_accurate.png,"[True, True, True, True, True]",white male preschooler,True
1,0,0,20230911103407831449,similar,moderate,4,1_0_0_20230911103407831449_similar_moderate.png,"[True, True]",white male preschooler,True
1,0,0,20230911103419537916,similar,imprecise,4,1_0_0_20230911103419537916_similar_imprecise.png,"[True, True, True]",white male preschooler,True
1,1,2,20230911103504251976,similar,accurate,5,1_1_2_20230911103504251976_similar_accurate.png,"[True, True]",asian female preschooler,True
1,1,2,20230911103515389006,similar,moderate,5,1_1_2_20230911103515389006_similar_moderate.png,"[True, True, True, True]",asian female preschooler,True
1,1,2,20230911103527373473,similar,imprecise,5,1_1_2_20230911103527373473_similar_imprecise.png,"[True, True]",asian female preschooler,True
1,1,2,20230911103538592328,similar,accurate,6,1_1_2_20230911103538592328_similar_accurate.png,[True],asian female preschooler,True
1,1,2,20230911103550424733,similar,moderate,6,1_1_2_20230911103550424733_similar_moderate.png,[False],asian female preschooler,False
1,1,2,20230911103601576398,similar,imprecise,6,1_1_2_20230911103601576398_similar_imprecise.png,"[True, True]",asian female preschooler,True
1,1,2,20230911103612637753,similar,accurate,7,1_1_2_20230911103612637753_similar_accurate.png,"[True, True]",asian female preschooler,True
1,1,2,20230911103623763601,similar,moderate,7,1_1_2_20230911103623763601_similar_moderate.png,"[True, True]",asian female preschooler,True
1,1,2,20230911103634466685,similar,imprecise,7,1_1_2_20230911103634466685_similar_imprecise.png,[True],asian female preschooler,True
1,1,2,20230911103646871512,similar,accurate,8,1_1_2_20230911103646871512_similar_accurate.png,"[True, True]",asian female preschooler,True
1,1,2,20230911103658815007,similar,moderate,8,1_1_2_20230911103658815007_similar_moderate.png,"[True, True, True]",asian female preschooler,True
1,1,2,20230911103710724403,similar,imprecise,8,1_1_2_20230911103710724403_similar_imprecise.png,[True],asian female preschooler,True
2,0,3,20230911103731673856,similar,accurate,9,2_0_3_20230911103731673856_similar_accurate.png,"[True, False, True, True, True]",indian male school age child,True
2,0,3,20230911103743180102,similar,moderate,9,2_0_3_20230911103743180102_similar_moderate.png,"[True, True, True, True, True]",indian male school age child,True
2,0,3,20230911103755060037,similar,imprecise,9,2_0_3_20230911103755060037_similar_imprecise.png,[True],indian male school age child,True
2,0,3,20230911103806979483,similar,accurate,10,2_0_3_20230911103806979483_similar_accurate.png,"[True, True, True, True]",indian male school age child,True
2,0,3,20230911103818994462,similar,moderate,10,2_0_3_20230911103818994462_similar_moderate.png,"[True, True, True, True]",indian male school age child,True
2,0,3,20230911103830111398,similar,imprecise,10,2_0_3_20230911103830111398_similar_imprecise.png,[True],indian male school age child,True
2,0,3,20230911103847491145,similar,accurate,11,2_0_3_20230911103847491145_similar_accurate.png,[True],indian male school age child,True
2,0,3,20230911103857812587,similar,moderate,11,2_0_3_20230911103857812587_similar_moderate.png,"[True, True, True, True, True]",indian male school age child,True
2,0,3,20230911103908220992,similar,imprecise,11,2_0_3_20230911103908220992_similar_imprecise.png,[True],indian male school age child,True
2,0,3,20230911103919851895,similar,accurate,12,2_0_3_20230911103919851895_similar_accurate.png,"[True, False, True, True]",indian male school age child,True
2,0,3,20230911103931639421,similar,moderate,12,2_0_3_20230911103931639421_similar_moderate.png,[True],indian male school age child,True
2,0,3,20230911103943221606,similar,imprecise,12,2_0_3_20230911103943221606_similar_imprecise.png,"[True, True]",indian male school age child,True
2,0,3,20230911103954303433,similar,accurate,13,2_0_3_20230911103954303433_similar_accurate.png,"[True, True, True, True]",indian male school age child,True
2,0,3,20230911104004810927,similar,moderate,13,2_0_3_20230911104004810927_similar_moderate.png,"[True, True]",indian male school age child,True
2,0,3,20230911104015532229,similar,imprecise,13,2_0_3_20230911104015532229_similar_imprecise.png,"[True, True, True]",indian male school age child,True
2,0,3,20230911104026472189,similar,accurate,14,2_0_3_20230911104026472189_similar_accurate.png,"[True, True, True]",indian male school age child,True
2,0,3,20230911104037210014,similar,moderate,14,2_0_3_20230911104037210014_similar_moderate.png,"[False, True, True]",indian male school age child,True
2,0,3,20230911104048464191,similar,imprecise,14,2_0_3_20230911104048464191_similar_imprecise.png,"[True, True]",indian male school age child,True
2,1,1,20230911104158289969,similar,accurate,15,2_1_1_20230911104158289969_similar_accurate.png,"[False, True, False, True, True]",black female school age child,True
2,1,1,20230911104209044844,similar,moderate,15,2_1_1_20230911104209044844_similar_moderate.png,"[True, True, True, True]",black female school age child,True
2,1,1,20230911104219771488,similar,imprecise,15,2_1_1_20230911104219771488_similar_imprecise.png,"[True, True, True, True, True]",black female school age child,True
2,1,1,20230911104230835398,similar,accurate,16,2_1_1_20230911104230835398_similar_accurate.png,"[True, True, True]",black female school age child,True
2,1,1,20230911104243130057,similar,moderate,16,2_1_1_20230911104243130057_similar_moderate.png,"[True, True, False, True, True]",black female school age child,True
2,1,1,20230911104254629620,similar,imprecise,16,2_1_1_20230911104254629620_similar_imprecise.png,"[True, True]",black female school age child,True
2,1,1,20230911104313041341,similar,accurate,17,2_1_1_20230911104313041341_similar_accurate.png,[True],black female school age child,True
2,1,1,20230911104324976401,similar,moderate,17,2_1_1_20230911104324976401_similar_moderate.png,[True],black female school age child,True
2,1,1,20230911104338713592,similar,imprecise,17,2_1_1_20230911104338713592_similar_imprecise.png,"[True, False, False, False, True]",black female school age child,False
2,1,1,20230911104350035539,similar,accurate,18,2_1_1_20230911104350035539_similar_accurate.png,"[True, True, True, True, False, True, False]",black female school age child,True
2,1,1,20230911104400685914,similar,moderate,18,2_1_1_20230911104400685914_similar_moderate.png,"[True, True, True, True, True, True, True]",black female school age child,True
2,1,1,20230911104417829465,similar,imprecise,18,2_1_1_20230911104417829465_similar_imprecise.png,[True],black female school age child,True
2,1,1,20230911104429508480,similar,accurate,19,2_1_1_20230911104429508480_similar_accurate.png,"[True, True, True]",black female school age child,True
2,1,1,20230911104444813613,similar,moderate,19,2_1_1_20230911104444813613_similar_moderate.png,"[True, True, True, True]",black female school age child,True
2,1,1,20230911104458132951,similar,imprecise,19,2_1_1_20230911104458132951_similar_imprecise.png,[True],black female school age child,True
3,0,2,20230911104530529093,similar,accurate,20,3_0_2_20230911104530529093_similar_accurate.png,"[True, False, True]",asian male adolescents,True
3,0,2,20230911104542827464,similar,moderate,20,3_0_2_20230911104542827464_similar_moderate.png,"[True, True]",asian male adolescents,True
3,0,2,20230911104601605793,similar,imprecise,20,3_0_2_20230911104601605793_similar_imprecise.png,"[True, True, True, True]",asian male adolescents,True
3,0,2,20230911104613054746,similar,accurate,21,3_0_2_20230911104613054746_similar_accurate.png,"[True, True, True, True]",asian male adolescents,True
3,0,2,20230911104624625282,similar,moderate,21,3_0_2_20230911104624625282_similar_moderate.png,[True],asian male adolescents,True
3,0,2,20230911104645486489,similar,imprecise,21,3_0_2_20230911104645486489_similar_imprecise.png,"[True, True, True, True]",asian male adolescents,True
3,0,2,20230911104801196198,similar,accurate,22,3_0_2_20230911104801196198_similar_accurate.png,"[True, True]",asian male adolescents,True
3,0,2,20230911104812583060,similar,moderate,22,3_0_2_20230911104812583060_similar_moderate.png,"[True, True, False]",asian male adolescents,True
3,0,2,20230911104823771731,similar,imprecise,22,3_0_2_20230911104823771731_similar_imprecise.png,"[True, True, True, False, True]",asian male adolescents,True
3,0,2,20230911104835129752,similar,accurate,23,3_0_2_20230911104835129752_similar_accurate.png,"[True, True, True, True]",asian male adolescents,True
3,0,2,20230911104846559504,similar,moderate,23,3_0_2_20230911104846559504_similar_moderate.png,[True],asian male adolescents,True
3,0,2,20230911104859961710,similar,imprecise,23,3_0_2_20230911104859961710_similar_imprecise.png,"[True, True]",asian male adolescents,True
3,0,2,20230911104916510639,similar,accurate,24,3_0_2_20230911104916510639_similar_accurate.png,[True],asian male adolescents,True
3,0,2,20230911104928456098,similar,moderate,24,3_0_2_20230911104928456098_similar_moderate.png,"[True, False, True, False, False]",asian male adolescents,False
3,0,2,20230911104939300061,similar,imprecise,24,3_0_2_20230911104939300061_similar_imprecise.png,"[True, True, True, True]",asian male adolescents,True
3,0,2,20230911104952673761,similar,accurate,25,3_0_2_20230911104952673761_similar_accurate.png,[False],asian male adolescents,False
3,0,2,20230911105006592220,similar,moderate,25,3_0_2_20230911105006592220_similar_moderate.png,[True],asian male adolescents,True
3,0,2,20230911105019428524,similar,imprecise,25,3_0_2_20230911105019428524_similar_imprecise.png,"[True, False, True, False, True]",asian male adolescents,True
3,1,0,20230911105123015946,similar,accurate,26,3_1_0_20230911105123015946_similar_accurate.png,"[True, True, False, False, False, False, False]",white female adolescents,False
3,1,0,20230911105135075516,similar,moderate,26,3_1_0_20230911105135075516_similar_moderate.png,"[True, False, True, True, True]",white female adolescents,True
3,1,0,20230911105146762911,similar,imprecise,26,3_1_0_20230911105146762911_similar_imprecise.png,"[True, True, False, True, True, False]",white female adolescents,True
3,1,0,20230911105159021852,similar,accurate,27,3_1_0_20230911105159021852_similar_accurate.png,"[True, True, False]",white female adolescents,True
3,1,0,20230911105209843899,similar,moderate,27,3_1_0_20230911105209843899_similar_moderate.png,"[False, True, True, True, True]",white female adolescents,True
3,1,0,20230911105220633249,similar,imprecise,27,3_1_0_20230911105220633249_similar_imprecise.png,"[True, True, True, True]",white female adolescents,True
3,1,0,20230911105237318078,similar,accurate,28,3_1_0_20230911105237318078_similar_accurate.png,[True],white female adolescents,True
3,1,0,20230911105247994366,similar,moderate,28,3_1_0_20230911105247994366_similar_moderate.png,"[True, True]",white female adolescents,True
3,1,0,20230911105258323845,similar,imprecise,28,3_1_0_20230911105258323845_similar_imprecise.png,"[True, False, True, True]",white female adolescents,True
3,1,0,20230911105310668506,similar,accurate,29,3_1_0_20230911105310668506_similar_accurate.png,"[True, True]",white female adolescents,True
3,1,0,20230911105321634759,similar,moderate,29,3_1_0_20230911105321634759_similar_moderate.png,"[True, True]",white female adolescents,True
3,1,0,20230911105336426285,similar,imprecise,29,3_1_0_20230911105336426285_similar_imprecise.png,"[False, False]",white female adolescents,False
4,0,3,20230911105619161474,similar,accurate,30,4_0_3_20230911105619161474_similar_accurate.png,[False],indian male young adult,False
4,0,3,20230911105633965275,similar,moderate,30,4_0_3_20230911105633965275_similar_moderate.png,"[True, True, True, True]",indian male young adult,True
4,0,3,20230911105649075031,similar,imprecise,30,4_0_3_20230911105649075031_similar_imprecise.png,[True],indian male young adult,True
4,0,3,20230911105659855007,similar,accurate,31,4_0_3_20230911105659855007_similar_accurate.png,"[True, True, True, True, True]",indian male young adult,True
4,0,3,20230911105710696213,similar,moderate,31,4_0_3_20230911105710696213_similar_moderate.png,[True],indian male young adult,True
4,0,3,20230911105721373299,similar,imprecise,31,4_0_3_20230911105721373299_similar_imprecise.png,[True],indian male young adult,True
4,0,3,20230911105731922158,similar,accurate,32,4_0_3_20230911105731922158_similar_accurate.png,"[True, True, True]",indian male young adult,True
4,0,3,20230911105742515070,similar,moderate,32,4_0_3_20230911105742515070_similar_moderate.png,[True],indian male young adult,True
4,0,3,20230911105753015054,similar,imprecise,32,4_0_3_20230911105753015054_similar_imprecise.png,"[True, True, True]",indian male young adult,True
4,0,3,20230911105803587341,similar,accurate,33,4_0_3_20230911105803587341_similar_accurate.png,"[True, True, True, True]",indian male young adult,True
4,0,3,20230911105817956122,similar,moderate,33,4_0_3_20230911105817956122_similar_moderate.png,[True],indian male young adult,True
4,0,3,20230911105828877909,similar,imprecise,33,4_0_3_20230911105828877909_similar_imprecise.png,"[True, True, True]",indian male young adult,True
4,0,3,20230911105840868869,similar,accurate,34,4_0_3_20230911105840868869_similar_accurate.png,"[True, True, True]",indian male young adult,True
4,0,3,20230911105852850178,similar,moderate,34,4_0_3_20230911105852850178_similar_moderate.png,[True],indian male young adult,True
4,0,3,20230911105904245841,similar,imprecise,34,4_0_3_20230911105904245841_similar_imprecise.png,"[True, True, True]",indian male young adult,True
4,1,2,20230911105944056838,similar,accurate,35,4_1_2_20230911105944056838_similar_accurate.png,[False],asian female young adult,False
4,1,2,20230911105955872953,similar,moderate,35,4_1_2_20230911105955872953_similar_moderate.png,[True],asian female young adult,True
4,1,2,20230911110006980852,similar,imprecise,35,4_1_2_20230911110006980852_similar_imprecise.png,"[True, True, False]",asian female young adult,True
4,1,2,20230911110017959513,similar,accurate,36,4_1_2_20230911110017959513_similar_accurate.png,[True],asian female young adult,True
4,1,2,20230911110028474502,similar,moderate,36,4_1_2_20230911110028474502_similar_moderate.png,[True],asian female young adult,True
4,1,2,20230911110039091571,similar,imprecise,36,4_1_2_20230911110039091571_similar_imprecise.png,[True],asian female young adult,True
4,1,2,20230911110050842387,similar,accurate,37,4_1_2_20230911110050842387_similar_accurate.png,"[True, True, True]",asian female young adult,True
4,1,2,20230911110103579795,similar,moderate,37,4_1_2_20230911110103579795_similar_moderate.png,"[True, False, True, True, True]",asian female young adult,True
4,1,2,20230911110115213496,similar,imprecise,37,4_1_2_20230911110115213496_similar_imprecise.png,"[False, False, True]",asian female young adult,False
4,1,2,20230911110127146670,similar,accurate,38,4_1_2_20230911110127146670_similar_accurate.png,[True],asian female young adult,True
4,1,2,20230911110138381498,similar,moderate,38,4_1_2_20230911110138381498_similar_moderate.png,"[True, True, True]",asian female young adult,True
4,1,2,20230911110149442783,similar,imprecise,38,4_1_2_20230911110149442783_similar_imprecise.png,"[True, True]",asian female young adult,True
4,1,2,20230911110201012284,similar,accurate,39,4_1_2_20230911110201012284_similar_accurate.png,"[True, True]",asian female young adult,True
4,1,2,20230911110212746914,similar,moderate,39,4_1_2_20230911110212746914_similar_moderate.png,[True],asian female young adult,True
4,1,2,20230911110224215416,similar,imprecise,39,4_1_2_20230911110224215416_similar_imprecise.png,"[True, True]",asian female young adult,True
5,0,1,20230911110315404617,similar,accurate,40,5_0_1_20230911110315404617_similar_accurate.png,"[True, True, False]",black male adult,True
5,0,1,20230911110327046135,similar,moderate,40,5_0_1_20230911110327046135_similar_moderate.png,[False],black male adult,False
5,0,1,20230911110338168523,similar,imprecise,40,5_0_1_20230911110338168523_similar_imprecise.png,"[True, True, True, True]",black male adult,True
5,0,1,20230911110349920532,similar,accurate,41,5_0_1_20230911110349920532_similar_accurate.png,"[True, True, True, True]",black male adult,True
5,0,1,20230911110402412700,similar,moderate,41,5_0_1_20230911110402412700_similar_moderate.png,"[True, True, True, True]",black male adult,True
5,0,1,20230911110414083296,similar,imprecise,41,5_0_1_20230911110414083296_similar_imprecise.png,"[True, True, True]",black male adult,True
5,0,1,20230911110435336927,similar,accurate,42,5_0_1_20230911110435336927_similar_accurate.png,[True],black male adult,True
5,0,1,20230911110456803633,similar,moderate,42,5_0_1_20230911110456803633_similar_moderate.png,"[True, True, True, False, True, True]",black male adult,True
5,0,1,20230911110518263834,similar,imprecise,42,5_0_1_20230911110518263834_similar_imprecise.png,"[False, False, True]",black male adult,False
5,0,1,20230911110529605645,similar,accurate,43,5_0_1_20230911110529605645_similar_accurate.png,"[True, True, False]",black male adult,True
5,0,1,20230911110548334556,similar,moderate,43,5_0_1_20230911110548334556_similar_moderate.png,"[True, True]",black male adult,True
5,0,1,20230911110559507332,similar,imprecise,43,5_0_1_20230911110559507332_similar_imprecise.png,"[True, True]",black male adult,True
5,0,1,20230911110611321609,similar,accurate,44,5_0_1_20230911110611321609_similar_accurate.png,"[False, False]",black male adult,False
5,0,1,20230911110622972367,similar,moderate,44,5_0_1_20230911110622972367_similar_moderate.png,"[False, False]",black male adult,False
5,0,1,20230911110634216224,similar,imprecise,44,5_0_1_20230911110634216224_similar_imprecise.png,"[True, True, True]",black male adult,True
5,1,0,20230911111144650273,similar,accurate,45,5_1_0_20230911111144650273_similar_accurate.png,"[True, True]",white female adult,True
5,1,0,20230911111201661982,similar,moderate,45,5_1_0_20230911111201661982_similar_moderate.png,"[True, True, True]",white female adult,True
5,1,0,20230911111214274160,similar,imprecise,45,5_1_0_20230911111214274160_similar_imprecise.png,"[True, True, True]",white female adult,True
5,1,0,20230911111229361442,similar,accurate,46,5_1_0_20230911111229361442_similar_accurate.png,"[True, True, True, True, True]",white female adult,True
5,1,0,20230911111247226863,similar,moderate,46,5_1_0_20230911111247226863_similar_moderate.png,"[True, True]",white female adult,True
5,1,0,20230911111302787739,similar,imprecise,46,5_1_0_20230911111302787739_similar_imprecise.png,"[True, False, True]",white female adult,True
5,1,0,20230911111315077736,similar,accurate,47,5_1_0_20230911111315077736_similar_accurate.png,"[True, False, False]",white female adult,False
5,1,0,20230911111326474000,similar,moderate,47,5_1_0_20230911111326474000_similar_moderate.png,"[True, True]",white female adult,True
5,1,0,20230911111337875490,similar,imprecise,47,5_1_0_20230911111337875490_similar_imprecise.png,"[True, True, True]",white female adult,True
5,1,0,20230911111354711302,similar,accurate,48,5_1_0_20230911111354711302_similar_accurate.png,"[True, True]",white female adult,True
5,1,0,20230911111405145590,similar,moderate,48,5_1_0_20230911111405145590_similar_moderate.png,"[True, True, False, True]",white female adult,True
5,1,0,20230911111415519713,similar,imprecise,48,5_1_0_20230911111415519713_similar_imprecise.png,"[True, True, True, True]",white female adult,True
5,1,0,20230911111428577916,similar,accurate,49,5_1_0_20230911111428577916_similar_accurate.png,"[True, True]",white female adult,True
5,1,0,20230911111442647996,similar,moderate,49,5_1_0_20230911111442647996_similar_moderate.png,"[True, False, True, True, False, True]",white female adult,True
5,1,0,20230911111456306289,similar,imprecise,49,5_1_0_20230911111456306289_similar_imprecise.png,"[True, False, False]",white female adult,False
5,1,0,20230911111509632516,similar,accurate,50,5_1_0_20230911111509632516_similar_accurate.png,"[False, False, False, False]",white female adult,False
5,1,0,20230911111522728022,similar,moderate,50,5_1_0_20230911111522728022_similar_moderate.png,[False],white female adult,False
5,1,0,20230911111536422476,similar,imprecise,50,5_1_0_20230911111536422476_similar_imprecise.png,"[True, True, False, False, False]",white female adult,False
6,0,0,20230911111642569053,similar,accurate,51,6_0_0_20230911111642569053_similar_accurate.png,"[True, True]",white male middle aged person,True
6,0,0,20230911111654331852,similar,moderate,51,6_0_0_20230911111654331852_similar_moderate.png,"[True, True, True, True]",white male middle aged person,True
6,0,0,20230911111705078547,similar,imprecise,51,6_0_0_20230911111705078547_similar_imprecise.png,"[True, True, True, True]",white male middle aged person,True
6,0,0,20230911111718418633,similar,accurate,52,6_0_0_20230911111718418633_similar_accurate.png,"[True, True, True]",white male middle aged person,True
6,0,0,20230911111729767233,similar,moderate,52,6_0_0_20230911111729767233_similar_moderate.png,"[True, True, True]",white male middle aged person,True
6,0,0,20230911111742508634,similar,imprecise,52,6_0_0_20230911111742508634_similar_imprecise.png,[True],white male middle aged person,True
6,0,0,20230911111754602823,similar,accurate,53,6_0_0_20230911111754602823_similar_accurate.png,"[True, True, True, True, True]",white male middle aged person,True
6,0,0,20230911111805264103,similar,moderate,53,6_0_0_20230911111805264103_similar_moderate.png,"[True, False, True]",white male middle aged person,True
6,0,0,20230911111816541556,similar,imprecise,53,6_0_0_20230911111816541556_similar_imprecise.png,"[True, True, True, True]",white male middle aged person,True
6,0,0,20230911111828803009,similar,accurate,54,6_0_0_20230911111828803009_similar_accurate.png,[True],white male middle aged person,True
6,0,0,20230911111841053576,similar,moderate,54,6_0_0_20230911111841053576_similar_moderate.png,"[True, True, True]",white male middle aged person,True
6,0,0,20230911111853059246,similar,imprecise,54,6_0_0_20230911111853059246_similar_imprecise.png,[True],white male middle aged person,True
6,0,0,20230911111904430493,similar,accurate,55,6_0_0_20230911111904430493_similar_accurate.png,[True],white male middle aged person,True
6,0,0,20230911111916425398,similar,moderate,55,6_0_0_20230911111916425398_similar_moderate.png,[True],white male middle aged person,True
6,0,0,20230911111933627043,similar,imprecise,55,6_0_0_20230911111933627043_similar_imprecise.png,"[True, True, True]",white male middle aged person,True
6,1,3,20230911111952537467,similar,accurate,56,6_1_3_20230911111952537467_similar_accurate.png,"[True, True, True]",indian female middle aged person,True
6,1,3,20230911112002732822,similar,moderate,56,6_1_3_20230911112002732822_similar_moderate.png,[True],indian female middle aged person,True
6,1,3,20230911112014028434,similar,imprecise,56,6_1_3_20230911112014028434_similar_imprecise.png,"[True, True, True, True, True]",indian female middle aged person,True
6,1,3,20230911112025375410,similar,accurate,57,6_1_3_20230911112025375410_similar_accurate.png,"[True, True, True]",indian female middle aged person,True
6,1,3,20230911112036724797,similar,moderate,57,6_1_3_20230911112036724797_similar_moderate.png,"[True, True, True]",indian female middle aged person,True
6,1,3,20230911112047724187,similar,imprecise,57,6_1_3_20230911112047724187_similar_imprecise.png,"[True, True, True]",indian female middle aged person,True
6,1,3,20230911112058725735,similar,accurate,58,6_1_3_20230911112058725735_similar_accurate.png,"[True, True, True]",indian female middle aged person,True
6,1,3,20230911112111182740,similar,moderate,58,6_1_3_20230911112111182740_similar_moderate.png,"[True, True, False, True, True]",indian female middle aged person,True
6,1,3,20230911112122099637,similar,imprecise,58,6_1_3_20230911112122099637_similar_imprecise.png,[True],indian female middle aged person,True
6,1,3,20230911112133888978,similar,accurate,59,6_1_3_20230911112133888978_similar_accurate.png,[True],indian female middle aged person,True
6,1,3,20230911112146345329,similar,moderate,59,6_1_3_20230911112146345329_similar_moderate.png,"[True, True, True, True, True, True, True]",indian female middle aged person,True
6,1,3,20230911112158173139,similar,imprecise,59,6_1_3_20230911112158173139_similar_imprecise.png,"[True, True, True]",indian female middle aged person,True
7,0,2,20230911112357097896,similar,accurate,60,7_0_2_20230911112357097896_similar_accurate.png,"[True, True, True]",asian male elderly,True
7,0,2,20230911112407143498,similar,moderate,60,7_0_2_20230911112407143498_similar_moderate.png,"[True, False, False, True, False]",asian male elderly,False
7,0,2,20230911112417712762,similar,imprecise,60,7_0_2_20230911112417712762_similar_imprecise.png,[True],asian male elderly,True
7,0,2,20230911112429940773,similar,accurate,61,7_0_2_20230911112429940773_similar_accurate.png,"[True, True, True, True, True]",asian male elderly,True
7,0,2,20230911112442473526,similar,moderate,61,7_0_2_20230911112442473526_similar_moderate.png,"[False, True, True]",asian male elderly,True
7,0,2,20230911112453940811,similar,imprecise,61,7_0_2_20230911112453940811_similar_imprecise.png,"[True, True, True, True]",asian male elderly,True
7,0,2,20230911112505263151,similar,accurate,62,7_0_2_20230911112505263151_similar_accurate.png,"[True, True, True, True, True]",asian male elderly,True
7,0,2,20230911112516267761,similar,moderate,62,7_0_2_20230911112516267761_similar_moderate.png,"[True, True, True, True, True]",asian male elderly,True
7,0,2,20230911112529038324,similar,imprecise,62,7_0_2_20230911112529038324_similar_imprecise.png,"[True, True, True]",asian male elderly,True
7,0,2,20230911112541404833,similar,accurate,63,7_0_2_20230911112541404833_similar_accurate.png,"[True, False, True]",asian male elderly,True
7,0,2,20230911112554234877,similar,moderate,63,7_0_2_20230911112554234877_similar_moderate.png,"[True, True, True, True]",asian male elderly,True
7,0,2,20230911112606830038,similar,imprecise,63,7_0_2_20230911112606830038_similar_imprecise.png,"[True, True]",asian male elderly,True
7,0,2,20230911112618509681,similar,accurate,64,7_0_2_20230911112618509681_similar_accurate.png,"[True, True, False, True, True]",asian male elderly,True
7,0,2,20230911112630582876,similar,moderate,64,7_0_2_20230911112630582876_similar_moderate.png,[True],asian male elderly,True
7,0,2,20230911112642022968,similar,imprecise,64,7_0_2_20230911112642022968_similar_imprecise.png,[True],asian male elderly,True
7,1,1,20230911113525989150,similar,accurate,65,7_1_1_20230911113525989150_similar_accurate.png,"[False, False]",black female elderly,False
7,1,1,20230911113537527733,similar,moderate,65,7_1_1_20230911113537527733_similar_moderate.png,"[False, False, True]",black female elderly,False
7,1,1,20230911113547756814,similar,imprecise,65,7_1_1_20230911113547756814_similar_imprecise.png,"[False, True, False]",black female elderly,False
7,1,1,20230911113605171267,similar,accurate,66,7_1_1_20230911113605171267_similar_accurate.png,"[True, True, True]",black female elderly,True
7,1,1,20230911113617268776,similar,moderate,66,7_1_1_20230911113617268776_similar_moderate.png,[True],black female elderly,True
7,1,1,20230911113629081351,similar,imprecise,66,7_1_1_20230911113629081351_similar_imprecise.png,[True],black female elderly,True
7,1,1,20230911113648883400,similar,accurate,67,7_1_1_20230911113648883400_similar_accurate.png,"[False, False]",black female elderly,False
7,1,1,20230911113706301949,similar,moderate,67,7_1_1_20230911113706301949_similar_moderate.png,"[True, False, False]",black female elderly,False
7,1,1,20230911113728788643,similar,imprecise,67,7_1_1_20230911113728788643_similar_imprecise.png,[False],black female elderly,False
7,1,1,20230911113741275823,similar,accurate,68,7_1_1_20230911113741275823_similar_accurate.png,[True],black female elderly,True
7,1,1,20230911113753229405,similar,moderate,68,7_1_1_20230911113753229405_similar_moderate.png,"[True, True, False]",black female elderly,True
7,1,1,20230911113805409587,similar,imprecise,68,7_1_1_20230911113805409587_similar_imprecise.png,"[False, False]",black female elderly,False
7,1,1,20230911113816960289,similar,accurate,69,7_1_1_20230911113816960289_similar_accurate.png,[True],black female elderly,True
7,1,1,20230911113828984812,similar,moderate,69,7_1_1_20230911113828984812_similar_moderate.png,"[True, True]",black female elderly,True
7,1,1,20230911113841143674,similar,imprecise,69,7_1_1_20230911113841143674_similar_imprecise.png,"[True, False, False, False]",black female elderly,False
0,0,1,20230911113955785596,similar,accurate,70,0_0_1_20230911113955785596_similar_accurate.png,"[True, True, True]",black male infant,True
0,0,1,20230911114008028516,similar,moderate,70,0_0_1_20230911114008028516_similar_moderate.png,"[True, True, True, True, True, True]",black male infant,True
0,0,1,20230911114020024481,similar,imprecise,70,0_0_1_20230911114020024481_similar_imprecise.png,"[True, True, True, True, True]",black male infant,True
0,0,1,20230911114032714140,similar,accurate,71,0_0_1_20230911114032714140_similar_accurate.png,"[True, True]",black male infant,True
0,0,1,20230911114050677623,similar,moderate,71,0_0_1_20230911114050677623_similar_moderate.png,[True],black male infant,True
0,0,1,20230911114103455195,similar,imprecise,71,0_0_1_20230911114103455195_similar_imprecise.png,"[True, True, True, True]",black male infant,True
0,0,1,20230911114114779350,similar,accurate,72,0_0_1_20230911114114779350_similar_accurate.png,"[True, False, True]",black male infant,True
0,0,1,20230911114126840467,similar,moderate,72,0_0_1_20230911114126840467_similar_moderate.png,"[True, True]",black male infant,True
0,0,1,20230911114138092130,similar,imprecise,72,0_0_1_20230911114138092130_similar_imprecise.png,"[True, True, True, True, True]",black male infant,True
0,0,1,20230911114152086947,similar,accurate,73,0_0_1_20230911114152086947_similar_accurate.png,"[True, True, True]",black male infant,True
0,0,1,20230911114215483957,similar,moderate,73,0_0_1_20230911114215483957_similar_moderate.png,[True],black male infant,True
0,0,1,20230911114227844473,similar,imprecise,73,0_0_1_20230911114227844473_similar_imprecise.png,[True],black male infant,True
0,0,1,20230911114238272249,similar,accurate,74,0_0_1_20230911114238272249_similar_accurate.png,[True],black male infant,True
0,0,1,20230911114248904679,similar,moderate,74,0_0_1_20230911114248904679_similar_moderate.png,"[True, True]",black male infant,True
0,0,1,20230911114259794589,similar,imprecise,74,0_0_1_20230911114259794589_similar_imprecise.png,"[True, True, True]",black male infant,True
0,0,1,20230911114310396144,similar,accurate,75,0_0_1_20230911114310396144_similar_accurate.png,[True],black male infant,True
0,0,1,20230911114322485595,similar,moderate,75,0_0_1_20230911114322485595_similar_moderate.png,"[True, True, True, True, True, True, True]",black male infant,True
0,0,1,20230911114333791371,similar,imprecise,75,0_0_1_20230911114333791371_similar_imprecise.png,[True],black male infant,True
0,1,3,20230911114405470688,similar,accurate,76,0_1_3_20230911114405470688_similar_accurate.png,"[True, True]",indian female infant,True
0,1,3,20230911114419687206,similar,moderate,76,0_1_3_20230911114419687206_similar_moderate.png,"[True, True, True, True]",indian female infant,True
0,1,3,20230911114433169117,similar,imprecise,76,0_1_3_20230911114433169117_similar_imprecise.png,"[True, True]",indian female infant,True
0,1,3,20230911114443614663,similar,accurate,77,0_1_3_20230911114443614663_similar_accurate.png,"[True, True, False]",indian female infant,True
0,1,3,20230911114454268697,similar,moderate,77,0_1_3_20230911114454268697_similar_moderate.png,"[True, True, True, True, True]",indian female infant,True
0,1,3,20230911114505174947,similar,imprecise,77,0_1_3_20230911114505174947_similar_imprecise.png,[True],indian female infant,True
0,1,3,20230911114523440404,similar,accurate,78,0_1_3_20230911114523440404_similar_accurate.png,"[False, True, True]",indian female infant,True
0,1,3,20230911114534706542,similar,moderate,78,0_1_3_20230911114534706542_similar_moderate.png,"[True, False, False, True, True]",indian female infant,True
0,1,3,20230911114546353697,similar,imprecise,78,0_1_3_20230911114546353697_similar_imprecise.png,"[True, False, False]",indian female infant,False
0,1,3,20230911114601924592,similar,accurate,79,0_1_3_20230911114601924592_similar_accurate.png,[True],indian female infant,True
0,1,3,20230911114620703908,similar,moderate,79,0_1_3_20230911114620703908_similar_moderate.png,"[True, True, True]",indian female infant,True
0,1,3,20230911114631298749,similar,imprecise,79,0_1_3_20230911114631298749_similar_imprecise.png,[True],indian female infant,True
1,0,0,20230911115337209324,random,accurate,80,1_0_0_20230911115337209324_random_accurate.png,"[True, True]",white male preschooler,True
1,0,0,20230911115347602235,random,moderate,80,1_0_0_20230911115347602235_random_moderate.png,"[True, True, True, True, True]",white male preschooler,True
1,0,0,20230911115358385844,random,imprecise,80,1_0_0_20230911115358385844_random_imprecise.png,"[True, True]",white male preschooler,True
1,0,0,20230911115416180837,random,accurate,81,1_0_0_20230911115416180837_random_accurate.png,"[True, True, True]",white male preschooler,True
1,0,0,20230911115427707146,random,moderate,81,1_0_0_20230911115427707146_random_moderate.png,"[True, True, True, True]",white male preschooler,True
1,0,0,20230911115439645747,random,imprecise,81,1_0_0_20230911115439645747_random_imprecise.png,[False],white male preschooler,False
1,0,0,20230911115451375527,random,accurate,82,1_0_0_20230911115451375527_random_accurate.png,"[False, False, False, False, False]",white male preschooler,False
1,0,0,20230911115503443723,random,moderate,82,1_0_0_20230911115503443723_random_moderate.png,"[True, True, True, True, True, True]",white male preschooler,True
1,0,0,20230911115514711314,random,imprecise,82,1_0_0_20230911115514711314_random_imprecise.png,"[True, True, True]",white male preschooler,True
1,0,0,20230911115526664624,random,accurate,83,1_0_0_20230911115526664624_random_accurate.png,"[False, False, False]",white male preschooler,False
1,0,0,20230911115538647969,random,moderate,83,1_0_0_20230911115538647969_random_moderate.png,"[True, False, False, False, True, False]",white male preschooler,False
1,0,0,20230911115549305333,random,imprecise,83,1_0_0_20230911115549305333_random_imprecise.png,"[True, True]",white male preschooler,True
1,0,0,20230911115606564040,random,accurate,84,1_0_0_20230911115606564040_random_accurate.png,"[True, True, True, True, True]",white male preschooler,True
1,0,0,20230911115617079385,random,moderate,84,1_0_0_20230911115617079385_random_moderate.png,"[True, True, True, True]",white male preschooler,True
1,0,0,20230911115627591639,random,imprecise,84,1_0_0_20230911115627591639_random_imprecise.png,"[True, True, True, True, True, True]",white male preschooler,True
1,1,2,20230911115652634592,random,accurate,85,1_1_2_20230911115652634592_random_accurate.png,"[False, False]",asian female preschooler,False
1,1,2,20230911115710235111,random,moderate,85,1_1_2_20230911115710235111_random_moderate.png,[False],asian female preschooler,False
1,1,2,20230911115721322550,random,imprecise,85,1_1_2_20230911115721322550_random_imprecise.png,"[True, True]",asian female preschooler,True
1,1,2,20230911115732911638,random,accurate,86,1_1_2_20230911115732911638_random_accurate.png,"[True, True, False, True, True, True]",asian female preschooler,True
1,1,2,20230911115744776315,random,moderate,86,1_1_2_20230911115744776315_random_moderate.png,[True],asian female preschooler,True
1,1,2,20230911115756237711,random,imprecise,86,1_1_2_20230911115756237711_random_imprecise.png,"[True, True, True, True, True]",asian female preschooler,True
1,1,2,20230911115808081268,random,accurate,87,1_1_2_20230911115808081268_random_accurate.png,"[False, False, False, True, True]",asian female preschooler,False
1,1,2,20230911115818748993,random,moderate,87,1_1_2_20230911115818748993_random_moderate.png,"[True, True, True]",asian female preschooler,True
1,1,2,20230911115829748107,random,imprecise,87,1_1_2_20230911115829748107_random_imprecise.png,"[False, False, False, False, True, True]",asian female preschooler,False
1,1,2,20230911115842852053,random,accurate,88,1_1_2_20230911115842852053_random_accurate.png,[False],asian female preschooler,False
1,1,2,20230911115853935216,random,moderate,88,1_1_2_20230911115853935216_random_moderate.png,"[True, True, True]",asian female preschooler,True
1,1,2,20230911115904924341,random,imprecise,88,1_1_2_20230911115904924341_random_imprecise.png,"[True, True]",asian female preschooler,True
2,0,3,20230911115940164215,random,accurate,89,2_0_3_20230911115940164215_random_accurate.png,"[True, True, True, True, False]",indian male school age child,True
2,0,3,20230911115951537922,random,moderate,89,2_0_3_20230911115951537922_random_moderate.png,"[True, True, True, True, True]",indian male school age child,True
2,0,3,20230911120003089697,random,imprecise,89,2_0_3_20230911120003089697_random_imprecise.png,[True],indian male school age child,True
2,0,3,20230911120014417899,random,accurate,90,2_0_3_20230911120014417899_random_accurate.png,"[False, False, False]",indian male school age child,False
2,0,3,20230911120026010326,random,moderate,90,2_0_3_20230911120026010326_random_moderate.png,"[True, True, True, True]",indian male school age child,True
2,0,3,20230911120038327897,random,imprecise,90,2_0_3_20230911120038327897_random_imprecise.png,"[True, True]",indian male school age child,True
2,0,3,20230911120048560006,random,accurate,91,2_0_3_20230911120048560006_random_accurate.png,"[True, True, True, True, True]",indian male school age child,True
2,0,3,20230911120059535716,random,moderate,91,2_0_3_20230911120059535716_random_moderate.png,"[True, False, True, True, True, True, True]",indian male school age child,True
2,0,3,20230911120113072519,random,imprecise,91,2_0_3_20230911120113072519_random_imprecise.png,[True],indian male school age child,True
2,0,3,20230911120123887903,random,accurate,92,2_0_3_20230911120123887903_random_accurate.png,"[True, True]",indian male school age child,True
2,0,3,20230911120135778628,random,moderate,92,2_0_3_20230911120135778628_random_moderate.png,[True],indian male school age child,True
2,0,3,20230911120147234676,random,imprecise,92,2_0_3_20230911120147234676_random_imprecise.png,"[True, True, True]",indian male school age child,True
2,0,3,20230911120159830429,random,accurate,93,2_0_3_20230911120159830429_random_accurate.png,"[True, True, True, True]",indian male school age child,True
2,0,3,20230911120210853472,random,moderate,93,2_0_3_20230911120210853472_random_moderate.png,"[True, False, True]",indian male school age child,True
2,0,3,20230911120222521225,random,imprecise,93,2_0_3_20230911120222521225_random_imprecise.png,"[True, True, True, True]",indian male school age child,True
2,0,3,20230911120234141109,random,accurate,94,2_0_3_20230911120234141109_random_accurate.png,[True],indian male school age child,True
2,0,3,20230911120245333365,random,moderate,94,2_0_3_20230911120245333365_random_moderate.png,"[True, True, True]",indian male school age child,True
2,0,3,20230911120256213398,random,imprecise,94,2_0_3_20230911120256213398_random_imprecise.png,"[True, True, True, True, True]",indian male school age child,True
2,1,1,20230911120318529292,random,accurate,95,2_1_1_20230911120318529292_random_accurate.png,[True],black female school age child,True
2,1,1,20230911120335765258,random,moderate,95,2_1_1_20230911120335765258_random_moderate.png,"[True, True, True]",black female school age child,True
2,1,1,20230911120346436469,random,imprecise,95,2_1_1_20230911120346436469_random_imprecise.png,"[True, True, True, False]",black female school age child,True
2,1,1,20230911120357904670,random,accurate,96,2_1_1_20230911120357904670_random_accurate.png,"[True, True, True, True, True]",black female school age child,True
2,1,1,20230911120409438983,random,moderate,96,2_1_1_20230911120409438983_random_moderate.png,"[True, True, True, True, True, True]",black female school age child,True
2,1,1,20230911120420808875,random,imprecise,96,2_1_1_20230911120420808875_random_imprecise.png,[True],black female school age child,True
2,1,1,20230911120433104806,random,accurate,97,2_1_1_20230911120433104806_random_accurate.png,"[True, False, True, True, True]",black female school age child,True
2,1,1,20230911120451808732,random,moderate,97,2_1_1_20230911120451808732_random_moderate.png,[True],black female school age child,True
2,1,1,20230911120504350925,random,imprecise,97,2_1_1_20230911120504350925_random_imprecise.png,"[True, True]",black female school age child,True
2,1,1,20230911120514855856,random,accurate,98,2_1_1_20230911120514855856_random_accurate.png,"[True, True]",black female school age child,True
2,1,1,20230911120526367667,random,moderate,98,2_1_1_20230911120526367667_random_moderate.png,[True],black female school age child,True
2,1,1,20230911120537623731,random,imprecise,98,2_1_1_20230911120537623731_random_imprecise.png,[True],black female school age child,True
2,1,1,20230911120549402908,random,accurate,99,2_1_1_20230911120549402908_random_accurate.png,"[True, True, True]",black female school age child,True
2,1,1,20230911120601069498,random,moderate,99,2_1_1_20230911120601069498_random_moderate.png,"[True, True, True, True]",black female school age child,True
2,1,1,20230911120612142193,random,imprecise,99,2_1_1_20230911120612142193_random_imprecise.png,"[True, True, True]",black female school age child,True
3,0,2,20230911120634129320,random,accurate,100,3_0_2_20230911120634129320_random_accurate.png,"[True, True]",asian male adolescents,True
3,0,2,20230911120644676303,random,moderate,100,3_0_2_20230911120644676303_random_moderate.png,[True],asian male adolescents,True
3,0,2,20230911120655534629,random,imprecise,100,3_0_2_20230911120655534629_random_imprecise.png,[True],asian male adolescents,True
3,0,2,20230911120707066130,random,accurate,101,3_0_2_20230911120707066130_random_accurate.png,[False],asian male adolescents,False
3,0,2,20230911120720321985,random,moderate,101,3_0_2_20230911120720321985_random_moderate.png,"[True, True, True]",asian male adolescents,True
3,0,2,20230911120732398764,random,imprecise,101,3_0_2_20230911120732398764_random_imprecise.png,[True],asian male adolescents,True
3,0,2,20230911120743466260,random,accurate,102,3_0_2_20230911120743466260_random_accurate.png,"[False, False, False, False]",asian male adolescents,False
3,0,2,20230911120754564876,random,moderate,102,3_0_2_20230911120754564876_random_moderate.png,"[True, True, True]",asian male adolescents,True
3,0,2,20230911120805310800,random,imprecise,102,3_0_2_20230911120805310800_random_imprecise.png,"[False, False]",asian male adolescents,False
3,0,2,20230911120816805019,random,accurate,103,3_0_2_20230911120816805019_random_accurate.png,[True],asian male adolescents,True
3,0,2,20230911120827430304,random,moderate,103,3_0_2_20230911120827430304_random_moderate.png,"[True, True]",asian male adolescents,True
3,0,2,20230911120837969211,random,imprecise,103,3_0_2_20230911120837969211_random_imprecise.png,"[True, True, True]",asian male adolescents,True
3,0,2,20230911120850325983,random,accurate,104,3_0_2_20230911120850325983_random_accurate.png,"[True, True]",asian male adolescents,True
3,0,2,20230911120900861447,random,moderate,104,3_0_2_20230911120900861447_random_moderate.png,"[True, True, True, True, True]",asian male adolescents,True
3,0,2,20230911120911567164,random,imprecise,104,3_0_2_20230911120911567164_random_imprecise.png,"[True, True, True]",asian male adolescents,True
3,0,2,20230911120922436245,random,accurate,105,3_0_2_20230911120922436245_random_accurate.png,[False],asian male adolescents,False
3,0,2,20230911120933484740,random,moderate,105,3_0_2_20230911120933484740_random_moderate.png,"[True, True, True]",asian male adolescents,True
3,0,2,20230911120944640915,random,imprecise,105,3_0_2_20230911120944640915_random_imprecise.png,"[True, True, True]",asian male adolescents,True
3,1,0,20230911121008063703,random,accurate,106,3_1_0_20230911121008063703_random_accurate.png,"[True, True, True]",white female adolescents,True
3,1,0,20230911121019335996,random,moderate,106,3_1_0_20230911121019335996_random_moderate.png,"[True, True]",white female adolescents,True
3,1,0,20230911121030803021,random,imprecise,106,3_1_0_20230911121030803021_random_imprecise.png,[True],white female adolescents,True
3,1,0,20230911121042194940,random,accurate,107,3_1_0_20230911121042194940_random_accurate.png,"[False, True, False]",white female adolescents,False
3,1,0,20230911121052675859,random,moderate,107,3_1_0_20230911121052675859_random_moderate.png,[True],white female adolescents,True
3,1,0,20230911121103508637,random,imprecise,107,3_1_0_20230911121103508637_random_imprecise.png,"[True, True, False]",white female adolescents,True
3,1,0,20230911121113809517,random,accurate,108,3_1_0_20230911121113809517_random_accurate.png,"[True, False, True]",white female adolescents,True
3,1,0,20230911121124799690,random,moderate,108,3_1_0_20230911121124799690_random_moderate.png,[True],white female adolescents,True
3,1,0,20230911121135477328,random,imprecise,108,3_1_0_20230911121135477328_random_imprecise.png,"[True, False, True, True, True]",white female adolescents,True
3,1,0,20230911121146514192,random,accurate,109,3_1_0_20230911121146514192_random_accurate.png,"[False, False, True]",white female adolescents,False
3,1,0,20230911121157948341,random,moderate,109,3_1_0_20230911121157948341_random_moderate.png,"[True, True, True, False, True, True]",white female adolescents,True
3,1,0,20230911121209179730,random,imprecise,109,3_1_0_20230911121209179730_random_imprecise.png,"[True, True, True, True]",white female adolescents,True
4,0,3,20230911121236269108,random,accurate,110,4_0_3_20230911121236269108_random_accurate.png,"[True, True, True, True, True]",indian male young adult,True
4,0,3,20230911121249347977,random,moderate,110,4_0_3_20230911121249347977_random_moderate.png,"[True, True, True, True]",indian male young adult,True
4,0,3,20230911121301120578,random,imprecise,110,4_0_3_20230911121301120578_random_imprecise.png,"[True, True, True]",indian male young adult,True
4,0,3,20230911121311983536,random,accurate,111,4_0_3_20230911121311983536_random_accurate.png,"[False, False]",indian male young adult,False
4,0,3,20230911121322407003,random,moderate,111,4_0_3_20230911121322407003_random_moderate.png,"[False, False, False, True]",indian male young adult,False
4,0,3,20230911121332847685,random,imprecise,111,4_0_3_20230911121332847685_random_imprecise.png,"[False, True, False]",indian male young adult,False
4,0,3,20230911121343626645,random,accurate,112,4_0_3_20230911121343626645_random_accurate.png,[True],indian male young adult,True
4,0,3,20230911121354451295,random,moderate,112,4_0_3_20230911121354451295_random_moderate.png,"[False, False]",indian male young adult,False
4,0,3,20230911121404846123,random,imprecise,112,4_0_3_20230911121404846123_random_imprecise.png,"[True, True]",indian male young adult,True
4,0,3,20230911121416063203,random,accurate,113,4_0_3_20230911121416063203_random_accurate.png,"[False, True, True]",indian male young adult,True
4,0,3,20230911121427504474,random,moderate,113,4_0_3_20230911121427504474_random_moderate.png,[True],indian male young adult,True
4,0,3,20230911121438019242,random,imprecise,113,4_0_3_20230911121438019242_random_imprecise.png,"[True, True, True, True]",indian male young adult,True
4,0,3,20230911121448977251,random,accurate,114,4_0_3_20230911121448977251_random_accurate.png,"[True, True]",indian male young adult,True
4,0,3,20230911121459317300,random,moderate,114,4_0_3_20230911121459317300_random_moderate.png,[True],indian male young adult,True
4,0,3,20230911121510463214,random,imprecise,114,4_0_3_20230911121510463214_random_imprecise.png,[True],indian male young adult,True
4,1,2,20230911121529479683,random,accurate,115,4_1_2_20230911121529479683_random_accurate.png,"[True, True, True, True, True, True]",asian female young adult,True
4,1,2,20230911121540181199,random,moderate,115,4_1_2_20230911121540181199_random_moderate.png,[True],asian female young adult,True
4,1,2,20230911121550452838,random,imprecise,115,4_1_2_20230911121550452838_random_imprecise.png,[True],asian female young adult,True
4,1,2,20230911121601755743,random,accurate,116,4_1_2_20230911121601755743_random_accurate.png,"[True, True]",asian female young adult,True
4,1,2,20230911121613248253,random,moderate,116,4_1_2_20230911121613248253_random_moderate.png,"[False, False]",asian female young adult,False
4,1,2,20230911121624242649,random,imprecise,116,4_1_2_20230911121624242649_random_imprecise.png,"[True, True]",asian female young adult,True
4,1,2,20230911121635259846,random,accurate,117,4_1_2_20230911121635259846_random_accurate.png,"[False, True, True]",asian female young adult,True
4,1,2,20230911121645855150,random,moderate,117,4_1_2_20230911121645855150_random_moderate.png,"[True, True, True, True]",asian female young adult,True
4,1,2,20230911121656362118,random,imprecise,117,4_1_2_20230911121656362118_random_imprecise.png,[False],asian female young adult,False
4,1,2,20230911121712798460,random,accurate,118,4_1_2_20230911121712798460_random_accurate.png,"[True, True]",asian female young adult,True
4,1,2,20230911121723502459,random,moderate,118,4_1_2_20230911121723502459_random_moderate.png,"[True, True]",asian female young adult,True
4,1,2,20230911121733924502,random,imprecise,118,4_1_2_20230911121733924502_random_imprecise.png,"[True, True, True, True, False]",asian female young adult,True
4,1,2,20230911121745479897,random,accurate,119,4_1_2_20230911121745479897_random_accurate.png,"[True, True, True]",asian female young adult,True
4,1,2,20230911121757486516,random,moderate,119,4_1_2_20230911121757486516_random_moderate.png,"[True, True, True, True, True, True, True]",asian female young adult,True
4,1,2,20230911121808965917,random,imprecise,119,4_1_2_20230911121808965917_random_imprecise.png,"[True, True]",asian female young adult,True
5,0,1,20230911121833219741,random,accurate,120,5_0_1_20230911121833219741_random_accurate.png,"[True, True, True]",black male adult,True
5,0,1,20230911121845106419,random,moderate,120,5_0_1_20230911121845106419_random_moderate.png,"[True, True, True]",black male adult,True
5,0,1,20230911121858159341,random,imprecise,120,5_0_1_20230911121858159341_random_imprecise.png,"[True, True]",black male adult,True
5,0,1,20230911121908738653,random,accurate,121,5_0_1_20230911121908738653_random_accurate.png,"[True, True, True, True]",black male adult,True
5,0,1,20230911121919306940,random,moderate,121,5_0_1_20230911121919306940_random_moderate.png,"[True, True, True, True]",black male adult,True
5,0,1,20230911121929690737,random,imprecise,121,5_0_1_20230911121929690737_random_imprecise.png,"[True, True, False, True, True]",black male adult,True
5,0,1,20230911121942536708,random,accurate,122,5_0_1_20230911121942536708_random_accurate.png,"[False, False, False, False, False, False, False]",black male adult,False
5,0,1,20230911121953447840,random,moderate,122,5_0_1_20230911121953447840_random_moderate.png,"[True, True, True, True, True]",black male adult,True
5,0,1,20230911122005525024,random,imprecise,122,5_0_1_20230911122005525024_random_imprecise.png,[True],black male adult,True
5,0,1,20230911122017576414,random,accurate,123,5_0_1_20230911122017576414_random_accurate.png,"[True, False, True, True, True]",black male adult,True
5,0,1,20230911122028994966,random,moderate,123,5_0_1_20230911122028994966_random_moderate.png,"[True, True, True]",black male adult,True
5,0,1,20230911122040286252,random,imprecise,123,5_0_1_20230911122040286252_random_imprecise.png,"[True, True, True, True]",black male adult,True
5,0,1,20230911122054396917,random,accurate,124,5_0_1_20230911122054396917_random_accurate.png,"[False, False, False, False]",black male adult,False
5,0,1,20230911122108838196,random,moderate,124,5_0_1_20230911122108838196_random_moderate.png,"[False, False, False]",black male adult,False
5,0,1,20230911122122352865,random,imprecise,124,5_0_1_20230911122122352865_random_imprecise.png,"[False, False, False]",black male adult,False
5,1,0,20230911122147887013,random,accurate,125,5_1_0_20230911122147887013_random_accurate.png,"[True, False, True]",white female adult,True
5,1,0,20230911122159873361,random,moderate,125,5_1_0_20230911122159873361_random_moderate.png,[False],white female adult,False
5,1,0,20230911122214876475,random,imprecise,125,5_1_0_20230911122214876475_random_imprecise.png,"[True, True, True, True, True, False]",white female adult,True
5,1,0,20230911122226157081,random,accurate,126,5_1_0_20230911122226157081_random_accurate.png,"[True, True, True]",white female adult,True
5,1,0,20230911122237992872,random,moderate,126,5_1_0_20230911122237992872_random_moderate.png,"[True, False, True, True, True, True]",white female adult,True
5,1,0,20230911122249550123,random,imprecise,126,5_1_0_20230911122249550123_random_imprecise.png,"[True, False, True]",white female adult,True
5,1,0,20230911122300526272,random,accurate,127,5_1_0_20230911122300526272_random_accurate.png,"[True, True, True, True, True, True]",white female adult,True
5,1,0,20230911122318164084,random,moderate,127,5_1_0_20230911122318164084_random_moderate.png,"[False, False, False, False]",white female adult,False
5,1,0,20230911122328863697,random,imprecise,127,5_1_0_20230911122328863697_random_imprecise.png,"[False, True, True]",white female adult,True
5,1,0,20230911122341029707,random,accurate,128,5_1_0_20230911122341029707_random_accurate.png,"[True, True, False, False, True]",white female adult,True
5,1,0,20230911122354749767,random,moderate,128,5_1_0_20230911122354749767_random_moderate.png,"[False, False]",white female adult,False
5,1,0,20230911122406846420,random,imprecise,128,5_1_0_20230911122406846420_random_imprecise.png,[False],white female adult,False
5,1,0,20230911122417281274,random,accurate,129,5_1_0_20230911122417281274_random_accurate.png,"[True, True, True]",white female adult,True
5,1,0,20230911122428000300,random,moderate,129,5_1_0_20230911122428000300_random_moderate.png,[True],white female adult,True
5,1,0,20230911122438571591,random,imprecise,129,5_1_0_20230911122438571591_random_imprecise.png,"[True, True]",white female adult,True
5,1,0,20230911122449208225,random,accurate,130,5_1_0_20230911122449208225_random_accurate.png,"[True, True, True, True]",white female adult,True
5,1,0,20230911122459640628,random,moderate,130,5_1_0_20230911122459640628_random_moderate.png,"[False, True, False]",white female adult,False
5,1,0,20230911122516701743,random,imprecise,130,5_1_0_20230911122516701743_random_imprecise.png,"[True, True, True, True]",white female adult,True
6,0,0,20230911122631407130,random,accurate,131,6_0_0_20230911122631407130_random_accurate.png,"[False, False, True]",white male middle aged person,False
6,0,0,20230911122642937778,random,moderate,131,6_0_0_20230911122642937778_random_moderate.png,"[True, True, True, True]",white male middle aged person,True
6,0,0,20230911122653704807,random,imprecise,131,6_0_0_20230911122653704807_random_imprecise.png,[True],white male middle aged person,True
6,0,0,20230911122715820236,random,accurate,132,6_0_0_20230911122715820236_random_accurate.png,"[True, False, True]",white male middle aged person,True
6,0,0,20230911122731463732,random,moderate,132,6_0_0_20230911122731463732_random_moderate.png,"[True, False, False]",white male middle aged person,False
6,0,0,20230911122746921170,random,imprecise,132,6_0_0_20230911122746921170_random_imprecise.png,"[True, True, False, True, True]",white male middle aged person,True
6,0,0,20230911122758113879,random,accurate,133,6_0_0_20230911122758113879_random_accurate.png,"[False, False]",white male middle aged person,False
6,0,0,20230911122809488323,random,moderate,133,6_0_0_20230911122809488323_random_moderate.png,"[False, False, False, True]",white male middle aged person,False
6,0,0,20230911122821946218,random,imprecise,133,6_0_0_20230911122821946218_random_imprecise.png,[False],white male middle aged person,False
6,0,0,20230911122834261878,random,accurate,134,6_0_0_20230911122834261878_random_accurate.png,"[False, True, False]",white male middle aged person,False
6,0,0,20230911122846875783,random,moderate,134,6_0_0_20230911122846875783_random_moderate.png,[True],white male middle aged person,True
6,0,0,20230911122859675728,random,imprecise,134,6_0_0_20230911122859675728_random_imprecise.png,"[False, True, True]",white male middle aged person,True
6,0,0,20230911122911115243,random,accurate,135,6_0_0_20230911122911115243_random_accurate.png,"[True, True, True, True]",white male middle aged person,True
6,0,0,20230911122922037439,random,moderate,135,6_0_0_20230911122922037439_random_moderate.png,"[True, True, True]",white male middle aged person,True
6,0,0,20230911122934940450,random,imprecise,135,6_0_0_20230911122934940450_random_imprecise.png,"[True, True, True, True, True]",white male middle aged person,True
6,1,3,20230911123009911194,random,accurate,136,6_1_3_20230911123009911194_random_accurate.png,"[True, True]",indian female middle aged person,True
6,1,3,20230911123022171276,random,moderate,136,6_1_3_20230911123022171276_random_moderate.png,"[True, True, True]",indian female middle aged person,True
6,1,3,20230911123034558716,random,imprecise,136,6_1_3_20230911123034558716_random_imprecise.png,[True],indian female middle aged person,True
6,1,3,20230911123047175562,random,accurate,137,6_1_3_20230911123047175562_random_accurate.png,"[True, True, True]",indian female middle aged person,True
6,1,3,20230911123058342723,random,moderate,137,6_1_3_20230911123058342723_random_moderate.png,"[True, True, True, True]",indian female middle aged person,True
6,1,3,20230911123109208775,random,imprecise,137,6_1_3_20230911123109208775_random_imprecise.png,"[True, True, True]",indian female middle aged person,True
6,1,3,20230911123124569945,random,accurate,138,6_1_3_20230911123124569945_random_accurate.png,"[True, True, True, True]",indian female middle aged person,True
6,1,3,20230911123140276668,random,moderate,138,6_1_3_20230911123140276668_random_moderate.png,"[True, True]",indian female middle aged person,True
6,1,3,20230911123155764990,random,imprecise,138,6_1_3_20230911123155764990_random_imprecise.png,"[False, True, True, True, True]",indian female middle aged person,True
6,1,3,20230911123206639976,random,accurate,139,6_1_3_20230911123206639976_random_accurate.png,[True],indian female middle aged person,True
6,1,3,20230911123217588139,random,moderate,139,6_1_3_20230911123217588139_random_moderate.png,"[True, True, True, True]",indian female middle aged person,True
6,1,3,20230911123228926404,random,imprecise,139,6_1_3_20230911123228926404_random_imprecise.png,"[True, False, True]",indian female middle aged person,True
7,0,2,20230911123253969774,random,accurate,140,7_0_2_20230911123253969774_random_accurate.png,"[True, True, True, True]",asian male elderly,True
7,0,2,20230911123306055737,random,moderate,140,7_0_2_20230911123306055737_random_moderate.png,[True],asian male elderly,True
7,0,2,20230911123318099191,random,imprecise,140,7_0_2_20230911123318099191_random_imprecise.png,"[True, True, True, True]",asian male elderly,True
7,0,2,20230911123328843678,random,accurate,141,7_0_2_20230911123328843678_random_accurate.png,"[True, True, False]",asian male elderly,True
7,0,2,20230911123339018395,random,moderate,141,7_0_2_20230911123339018395_random_moderate.png,"[True, True, True, True, True]",asian male elderly,True
7,0,2,20230911123349170509,random,imprecise,141,7_0_2_20230911123349170509_random_imprecise.png,"[True, True, True, True]",asian male elderly,True
7,0,2,20230911123400163160,random,accurate,142,7_0_2_20230911123400163160_random_accurate.png,"[True, True, True, True]",asian male elderly,True
7,0,2,20230911123411910426,random,moderate,142,7_0_2_20230911123411910426_random_moderate.png,"[False, True, True, True]",asian male elderly,True
7,0,2,20230911123423356428,random,imprecise,142,7_0_2_20230911123423356428_random_imprecise.png,"[True, True, True]",asian male elderly,True
7,0,2,20230911123433798815,random,accurate,143,7_0_2_20230911123433798815_random_accurate.png,"[True, True, True, True, True]",asian male elderly,True
7,0,2,20230911123443784898,random,moderate,143,7_0_2_20230911123443784898_random_moderate.png,"[True, True, True]",asian male elderly,True
7,0,2,20230911123453931433,random,imprecise,143,7_0_2_20230911123453931433_random_imprecise.png,"[True, True, True]",asian male elderly,True
7,0,2,20230911123508836106,random,accurate,144,7_0_2_20230911123508836106_random_accurate.png,"[True, True, True]",asian male elderly,True
7,0,2,20230911123522852053,random,moderate,144,7_0_2_20230911123522852053_random_moderate.png,"[True, True]",asian male elderly,True
7,0,2,20230911123537972195,random,imprecise,144,7_0_2_20230911123537972195_random_imprecise.png,"[False, True, True]",asian male elderly,True
7,1,1,20230911123601450613,random,accurate,145,7_1_1_20230911123601450613_random_accurate.png,"[True, True, True, True]",black female elderly,True
7,1,1,20230911123619385744,random,moderate,145,7_1_1_20230911123619385744_random_moderate.png,"[True, True, True, True]",black female elderly,True
7,1,1,20230911123630376511,random,imprecise,145,7_1_1_20230911123630376511_random_imprecise.png,"[True, True, True]",black female elderly,True
7,1,1,20230911123641472099,random,accurate,146,7_1_1_20230911123641472099_random_accurate.png,"[False, True, True]",black female elderly,True
7,1,1,20230911123653462519,random,moderate,146,7_1_1_20230911123653462519_random_moderate.png,"[True, False, True]",black female elderly,True
7,1,1,20230911123704580272,random,imprecise,146,7_1_1_20230911123704580272_random_imprecise.png,"[True, False, True]",black female elderly,True
7,1,1,20230911123714889563,random,accurate,147,7_1_1_20230911123714889563_random_accurate.png,"[False, True, False]",black female elderly,False
7,1,1,20230911123726104731,random,moderate,147,7_1_1_20230911123726104731_random_moderate.png,[False],black female elderly,False
7,1,1,20230911123736542829,random,imprecise,147,7_1_1_20230911123736542829_random_imprecise.png,"[False, False, False]",black female elderly,False
7,1,1,20230911123747289530,random,accurate,148,7_1_1_20230911123747289530_random_accurate.png,"[True, True, True, True, True]",black female elderly,True
7,1,1,20230911123758655549,random,moderate,148,7_1_1_20230911123758655549_random_moderate.png,"[True, True]",black female elderly,True
7,1,1,20230911123810046813,random,imprecise,148,7_1_1_20230911123810046813_random_imprecise.png,"[True, True]",black female elderly,True
7,1,1,20230911123822882093,random,accurate,149,7_1_1_20230911123822882093_random_accurate.png,"[True, True, False, False, True, False, False]",black female elderly,False
7,1,1,20230911123833631437,random,moderate,149,7_1_1_20230911123833631437_random_moderate.png,"[True, True, False, False, False, True, True]",black female elderly,True
7,1,1,20230911123844336833,random,imprecise,149,7_1_1_20230911123844336833_random_imprecise.png,"[True, True]",black female elderly,True
0,0,1,20230911123913024060,random,accurate,150,0_0_1_20230911123913024060_random_accurate.png,"[False, False]",black male infant,False
0,0,1,20230911123924477725,random,moderate,150,0_0_1_20230911123924477725_random_moderate.png,[False],black male infant,False
0,0,1,20230911123935912709,random,imprecise,150,0_0_1_20230911123935912709_random_imprecise.png,"[True, True, True, True]",black male infant,True
0,0,1,20230911123947395332,random,accurate,151,0_0_1_20230911123947395332_random_accurate.png,"[True, False, False]",black male infant,False
0,0,1,20230911123959005753,random,moderate,151,0_0_1_20230911123959005753_random_moderate.png,"[True, True]",black male infant,True
0,0,1,20230911124010718262,random,imprecise,151,0_0_1_20230911124010718262_random_imprecise.png,"[True, False, False]",black male infant,False
0,0,1,20230911124022237490,random,accurate,152,0_0_1_20230911124022237490_random_accurate.png,"[False, False, False]",black male infant,False
0,0,1,20230911124032872914,random,moderate,152,0_0_1_20230911124032872914_random_moderate.png,"[True, True, False, True, True, True]",black male infant,True
0,0,1,20230911124043895805,random,imprecise,152,0_0_1_20230911124043895805_random_imprecise.png,"[True, True, True, True, True, True]",black male infant,True
0,0,1,20230911124055861818,random,accurate,153,0_0_1_20230911124055861818_random_accurate.png,"[True, True, True, False, True]",black male infant,True
0,0,1,20230911124108602844,random,moderate,153,0_0_1_20230911124108602844_random_moderate.png,"[True, True, True, True, False]",black male infant,True
0,0,1,20230911124121129189,random,imprecise,153,0_0_1_20230911124121129189_random_imprecise.png,"[True, True]",black male infant,True
0,0,1,20230911124132074843,random,accurate,154,0_0_1_20230911124132074843_random_accurate.png,[False],black male infant,False
0,0,1,20230911124142438125,random,moderate,154,0_0_1_20230911124142438125_random_moderate.png,"[True, True]",black male infant,True
0,0,1,20230911124153590786,random,imprecise,154,0_0_1_20230911124153590786_random_imprecise.png,"[True, True]",black male infant,True
0,0,1,20230911124203789722,random,accurate,155,0_0_1_20230911124203789722_random_accurate.png,"[True, False, False, False]",black male infant,False
0,0,1,20230911124214764498,random,moderate,155,0_0_1_20230911124214764498_random_moderate.png,"[True, True]",black male infant,True
0,0,1,20230911124231252480,random,imprecise,155,0_0_1_20230911124231252480_random_imprecise.png,"[True, True, True, True]",black male infant,True
0,1,3,20230911124325792620,random,accurate,156,0_1_3_20230911124325792620_random_accurate.png,"[False, False, True, False]",indian female infant,False
0,1,3,20230911124341552639,random,moderate,156,0_1_3_20230911124341552639_random_moderate.png,"[True, True, False]",indian female infant,True
0,1,3,20230911124355041163,random,imprecise,156,0_1_3_20230911124355041163_random_imprecise.png,"[True, True, True]",indian female infant,True
0,1,3,20230911124406377646,random,accurate,157,0_1_3_20230911124406377646_random_accurate.png,[True],indian female infant,True
0,1,3,20230911124418458115,random,moderate,157,0_1_3_20230911124418458115_random_moderate.png,[True],indian female infant,True
0,1,3,20230911124430297491,random,imprecise,157,0_1_3_20230911124430297491_random_imprecise.png,"[True, True, True, True]",indian female infant,True
0,1,3,20230911124441524883,random,accurate,158,0_1_3_20230911124441524883_random_accurate.png,"[False, False, False]",indian female infant,False
0,1,3,20230911124453096213,random,moderate,158,0_1_3_20230911124453096213_random_moderate.png,"[True, True]",indian female infant,True
0,1,3,20230911124504239725,random,imprecise,158,0_1_3_20230911124504239725_random_imprecise.png,"[True, True]",indian female infant,True
0,1,3,20230911124515904124,random,accurate,159,0_1_3_20230911124515904124_random_accurate.png,"[True, True, True, True, True, True]",indian female infant,True
0,1,3,20230911124527830245,random,moderate,159,0_1_3_20230911124527830245_random_moderate.png,"[True, True, True, True, True]",indian female infant,True
0,1,3,20230911124539272118,random,imprecise,159,0_1_3_20230911124539272118_random_imprecise.png,"[True, True]",indian female infant,True
1,0,0,20230911143720372068,none,none,160,1_0_0_20230911143720372068_none_none.png,[False],white male preschooler,False
1,0,0,20230911143728787069,none,none,161,1_0_0_20230911143728787069_none_none.png,"[True, True]",white male preschooler,True
1,0,0,20230911143736093468,none,none,162,1_0_0_20230911143736093468_none_none.png,[True],white male preschooler,True
1,0,0,20230911143743367768,none,none,163,1_0_0_20230911143743367768_none_none.png,[True],white male preschooler,True
1,0,0,20230911143750413289,none,none,164,1_0_0_20230911143750413289_none_none.png,"[False, True, False]",white male preschooler,False
1,1,2,20230911144210273750,none,none,165,1_1_2_20230911144210273750_none_none.png,"[True, True, True, True, True, True, True]",asian female preschooler,True
1,1,2,20230911144217189742,none,none,166,1_1_2_20230911144217189742_none_none.png,"[True, True, True]",asian female preschooler,True
1,1,2,20230911144224200514,none,none,167,1_1_2_20230911144224200514_none_none.png,"[True, True]",asian female preschooler,True
1,1,2,20230911144231176006,none,none,168,1_1_2_20230911144231176006_none_none.png,"[True, True, True, True]",asian female preschooler,True
2,0,3,20230911144246557416,none,none,169,2_0_3_20230911144246557416_none_none.png,"[True, True, True, True, True]",indian male school age child,True
2,0,3,20230911144253436601,none,none,170,2_0_3_20230911144253436601_none_none.png,"[True, True]",indian male school age child,True
2,0,3,20230911144300266838,none,none,171,2_0_3_20230911144300266838_none_none.png,"[True, True, True]",indian male school age child,True
2,0,3,20230911144307550306,none,none,172,2_0_3_20230911144307550306_none_none.png,"[True, True, True, True, True]",indian male school age child,True
2,0,3,20230911144314972835,none,none,173,2_0_3_20230911144314972835_none_none.png,"[True, True, True]",indian male school age child,True
2,0,3,20230911144321961975,none,none,174,2_0_3_20230911144321961975_none_none.png,"[True, True, True, True, True]",indian male school age child,True
2,1,1,20230911144341768379,none,none,175,2_1_1_20230911144341768379_none_none.png,"[True, True, True]",black female school age child,True
2,1,1,20230911144348891079,none,none,176,2_1_1_20230911144348891079_none_none.png,"[True, False, False]",black female school age child,False
2,1,1,20230911144355885758,none,none,177,2_1_1_20230911144355885758_none_none.png,"[True, True, True, True, True]",black female school age child,True
2,1,1,20230911144402932906,none,none,178,2_1_1_20230911144402932906_none_none.png,"[True, True]",black female school age child,True
2,1,1,20230911144409640149,none,none,179,2_1_1_20230911144409640149_none_none.png,[True],black female school age child,True
3,0,2,20230911144508304695,none,none,180,3_0_2_20230911144508304695_none_none.png,"[True, True, True]",asian male adolescents,True
3,0,2,20230911144515618080,none,none,181,3_0_2_20230911144515618080_none_none.png,"[True, True, False]",asian male adolescents,True
3,0,2,20230911144522412520,none,none,182,3_0_2_20230911144522412520_none_none.png,"[True, True, True]",asian male adolescents,True
3,0,2,20230911144529348684,none,none,183,3_0_2_20230911144529348684_none_none.png,"[True, True, True, True, True]",asian male adolescents,True
3,0,2,20230911144537278144,none,none,184,3_0_2_20230911144537278144_none_none.png,"[True, True]",asian male adolescents,True
3,0,2,20230911144544311895,none,none,185,3_0_2_20230911144544311895_none_none.png,"[True, False, True]",asian male adolescents,True
3,1,0,20230911144600275928,none,none,186,3_1_0_20230911144600275928_none_none.png,"[False, True, True]",white female adolescents,True
3,1,0,20230911144607022128,none,none,187,3_1_0_20230911144607022128_none_none.png,"[True, True, True, True]",white female adolescents,True
3,1,0,20230911144614198019,none,none,188,3_1_0_20230911144614198019_none_none.png,[True],white female adolescents,True
3,1,0,20230911144621216108,none,none,189,3_1_0_20230911144621216108_none_none.png,"[True, True, True, False, False, True, False]",white female adolescents,True
4,0,3,20230911144645680108,none,none,190,4_0_3_20230911144645680108_none_none.png,"[True, True, True, True, True, True]",indian male young adult,True
4,0,3,20230911144652532209,none,none,191,4_0_3_20230911144652532209_none_none.png,"[True, True]",indian male young adult,True
4,0,3,20230911144659641363,none,none,192,4_0_3_20230911144659641363_none_none.png,"[True, True, True, True]",indian male young adult,True
4,0,3,20230911144706272534,none,none,193,4_0_3_20230911144706272534_none_none.png,"[True, True, True, True, True, True, True]",indian male young adult,True
4,0,3,20230911144713061817,none,none,194,4_0_3_20230911144713061817_none_none.png,"[True, True]",indian male young adult,True
4,1,2,20230911144731112894,none,none,195,4_1_2_20230911144731112894_none_none.png,"[True, True, True, True]",asian female young adult,True
4,1,2,20230911144740237476,none,none,196,4_1_2_20230911144740237476_none_none.png,"[True, True, True]",asian female young adult,True
4,1,2,20230911144747019562,none,none,197,4_1_2_20230911144747019562_none_none.png,"[True, True]",asian female young adult,True
4,1,2,20230911144754022364,none,none,198,4_1_2_20230911144754022364_none_none.png,"[True, True]",asian female young adult,True
4,1,2,20230911144801144214,none,none,199,4_1_2_20230911144801144214_none_none.png,"[True, True]",asian female young adult,True
5,0,1,20230911145206130749,none,none,200,5_0_1_20230911145206130749_none_none.png,"[True, True, True]",black male adult,True
5,0,1,20230911145213200088,none,none,201,5_0_1_20230911145213200088_none_none.png,"[True, False, True]",black male adult,True
5,0,1,20230911145220211738,none,none,202,5_0_1_20230911145220211738_none_none.png,[True],black male adult,True
5,0,1,20230911145227222515,none,none,203,5_0_1_20230911145227222515_none_none.png,[True],black male adult,True
5,0,1,20230911145234216388,none,none,204,5_0_1_20230911145234216388_none_none.png,"[True, True, True]",black male adult,True
5,1,0,20230911145249066392,none,none,205,5_1_0_20230911145249066392_none_none.png,"[False, True, True]",white female adult,True
5,1,0,20230911145256064610,none,none,206,5_1_0_20230911145256064610_none_none.png,"[True, True, True, False]",white female adult,True
5,1,0,20230911145303094009,none,none,207,5_1_0_20230911145303094009_none_none.png,"[False, True, False, False]",white female adult,False
5,1,0,20230911145310310553,none,none,208,5_1_0_20230911145310310553_none_none.png,"[True, True]",white female adult,True
5,1,0,20230911145317051909,none,none,209,5_1_0_20230911145317051909_none_none.png,"[False, False]",white female adult,False
5,1,0,20230911145323973075,none,none,210,5_1_0_20230911145323973075_none_none.png,[False],white female adult,False
6,0,0,20230911145351173611,none,none,211,6_0_0_20230911145351173611_none_none.png,"[True, True, True]",white male middle aged person,True
6,0,0,20230911145357855522,none,none,212,6_0_0_20230911145357855522_none_none.png,[True],white male middle aged person,True
6,0,0,20230911145405009887,none,none,213,6_0_0_20230911145405009887_none_none.png,"[True, True, True, True, True]",white male middle aged person,True
6,0,0,20230911145412038696,none,none,214,6_0_0_20230911145412038696_none_none.png,[True],white male middle aged person,True
6,0,0,20230911145418857857,none,none,215,6_0_0_20230911145418857857_none_none.png,"[True, True]",white male middle aged person,True
6,1,3,20230911145443853642,none,none,216,6_1_3_20230911145443853642_none_none.png,"[True, True]",indian female middle aged person,True
6,1,3,20230911145450580010,none,none,217,6_1_3_20230911145450580010_none_none.png,"[True, True, True, True]",indian female middle aged person,True
6,1,3,20230911145457404691,none,none,218,6_1_3_20230911145457404691_none_none.png,"[True, True, True]",indian female middle aged person,True
6,1,3,20230911145504494152,none,none,219,6_1_3_20230911145504494152_none_none.png,"[True, True, True, True, True, True]",indian female middle aged person,True
7,0,2,20230911145517476768,none,none,220,7_0_2_20230911145517476768_none_none.png,"[True, True, True]",asian male elderly,True
7,0,2,20230911145524214533,none,none,221,7_0_2_20230911145524214533_none_none.png,"[True, True]",asian male elderly,True
7,0,2,20230911145531270380,none,none,222,7_0_2_20230911145531270380_none_none.png,[True],asian male elderly,True
7,0,2,20230911145537944272,none,none,223,7_0_2_20230911145537944272_none_none.png,"[True, True, True, True, True]",asian male elderly,True
7,0,2,20230911145544769311,none,none,224,7_0_2_20230911145544769311_none_none.png,"[True, True, True, True]",asian male elderly,True
7,1,1,20230911145607805564,none,none,225,7_1_1_20230911145607805564_none_none.png,"[True, True, True, True, True, True]",black female elderly,True
7,1,1,20230911145615088289,none,none,226,7_1_1_20230911145615088289_none_none.png,"[True, True, True]",black female elderly,True
7,1,1,20230911145622289504,none,none,227,7_1_1_20230911145622289504_none_none.png,[True],black female elderly,True
7,1,1,20230911145628900310,none,none,228,7_1_1_20230911145628900310_none_none.png,[True],black female elderly,True
7,1,1,20230911145635918215,none,none,229,7_1_1_20230911145635918215_none_none.png,"[True, True, True]",black female elderly,True
0,0,1,20230911145659791088,none,none,230,0_0_1_20230911145659791088_none_none.png,"[True, True, False, False, True, True, True]",black male infant,True
0,0,1,20230911145707009175,none,none,231,0_0_1_20230911145707009175_none_none.png,[True],black male infant,True
0,0,1,20230911145713657426,none,none,232,0_0_1_20230911145713657426_none_none.png,"[True, True, True, True]",black male infant,True
0,0,1,20230911145720471934,none,none,233,0_0_1_20230911145720471934_none_none.png,"[True, True, True]",black male infant,True
0,0,1,20230911145727527038,none,none,234,0_0_1_20230911145727527038_none_none.png,"[True, True]",black male infant,True
0,0,1,20230911145734251234,none,none,235,0_0_1_20230911145734251234_none_none.png,"[True, True, True, False, True, True]",black male infant,True
0,1,3,20230911145847277247,none,none,236,0_1_3_20230911145847277247_none_none.png,[True],indian female infant,True
0,1,3,20230911145854375543,none,none,237,0_1_3_20230911145854375543_none_none.png,"[True, True, True, True]",indian female infant,True
0,1,3,20230911145901946571,none,none,238,0_1_3_20230911145901946571_none_none.png,"[True, True, True, True]",indian female infant,True
0,1,3,20230911145908819038,none,none,239,0_1_3_20230911145908819038_none_none.png,[True],indian female infant,True
